time,location,lat,lon,pm25,pm10,no2,so2,co,o3,temp,humidity,wind,wind_dir,scenario
2026-10-05 00:00:00,Indirapuram,28.646,77.369,46.322,96.149,43.646,15.52,1.029,15.905,14.121,75.493,5.193,251.828,normal
2026-10-05 01:00:00,Indirapuram,28.646,77.369,48.374,78.031,42.333,16.61,1.19,2.0,13.603,85.363,6.274,342.487,normal
2026-10-05 02:00:00,Indirapuram,28.646,77.369,50.994,88.538,42.293,10.916,1.514,15.945,10.967,81.964,2.826,308.325,normal
2026-10-05 03:00:00,Indirapuram,28.646,77.369,53.808,102.115,35.238,15.841,0.708,16.08,11.786,97.958,6.029,35.079,normal
2026-10-05 04:00:00,Indirapuram,28.646,77.369,49.858,84.382,41.329,17.438,0.939,17.465,10.905,80.188,3.19,18.235,normal
2026-10-05 05:00:00,Indirapuram,28.646,77.369,49.353,81.211,33.25,13.967,0.791,22.125,13.544,82.338,4.385,291.656,normal
2026-10-05 06:00:00,Indirapuram,28.646,77.369,45.195,79.268,33.545,14.29,1.021,27.985,13.118,75.247,5.911,290.628,normal
2026-10-05 07:00:00,Indirapuram,28.646,77.369,50.83,84.743,38.781,13.662,0.922,15.188,14.266,83.019,4.22,259.27,normal
2026-10-05 08:00:00,Indirapuram,28.646,77.369,46.898,79.443,37.288,15.735,1.099,29.794,17.098,72.2,6.599,233.341,normal
2026-10-05 09:00:00,Indirapuram,28.646,77.369,40.461,69.859,31.798,13.586,0.876,43.181,20.935,60.249,8.512,304.522,normal
2026-10-05 10:00:00,Indirapuram,28.646,77.369,36.515,61.071,29.923,15.559,0.808,33.965,21.608,59.426,8.659,292.362,normal
2026-10-05 11:00:00,Indirapuram,28.646,77.369,30.778,55.4,28.521,12.624,0.769,46.062,25.832,52.639,8.877,312.441,normal
2026-10-05 12:00:00,Indirapuram,28.646,77.369,26.928,48.068,27.71,12.359,0.49,67.328,25.753,55.207,15.215,249.488,normal
2026-10-05 13:00:00,Indirapuram,28.646,77.369,24.373,43.693,26.826,10.588,0.563,54.475,27.775,41.715,13.849,50.709,normal
2026-10-05 14:00:00,Indirapuram,28.646,77.369,21.76,40.627,38.515,18.507,0.724,63.364,29.18,30.15,14.913,348.863,normal
2026-10-05 15:00:00,Indirapuram,28.646,77.369,27.686,51.877,22.447,9.019,0.754,67.59,27.804,49.235,13.297,254.263,normal
2026-10-05 16:00:00,Indirapuram,28.646,77.369,27.088,56.076,24.839,13.779,0.581,67.769,28.126,53.867,17.054,248.527,normal
2026-10-05 17:00:00,Indirapuram,28.646,77.369,32.125,62.522,27.608,6.772,0.776,65.802,25.7,49.393,14.678,281.441,normal
2026-10-05 18:00:00,Indirapuram,28.646,77.369,35.346,60.675,34.337,12.731,0.553,49.002,25.428,50.879,15.2,292.518,normal
2026-10-05 19:00:00,Indirapuram,28.646,77.369,39.204,67.156,43.83,12.323,0.895,46.272,23.435,46.967,11.979,7.342,normal
2026-10-05 20:00:00,Indirapuram,28.646,77.369,43.0,74.588,35.376,12.477,0.986,52.744,22.985,57.741,7.739,305.952,normal
2026-10-05 21:00:00,Indirapuram,28.646,77.369,44.156,73.38,36.013,11.597,0.972,41.423,21.015,63.093,8.582,290.162,normal
2026-10-05 22:00:00,Indirapuram,28.646,77.369,47.982,85.8,36.159,10.721,1.04,34.168,19.147,72.164,4.875,241.329,normal
2026-10-05 23:00:00,Indirapuram,28.646,77.369,41.953,80.7,36.653,12.15,0.719,29.421,14.572,69.988,7.196,274.707,normal
2026-10-06 00:00:00,Indirapuram,28.646,77.369,49.778,86.046,33.155,13.306,1.143,7.459,14.386,86.665,2.727,330.107,normal
2026-10-06 01:00:00,Indirapuram,28.646,77.369,50.079,97.848,35.695,24.372,0.892,5.268,12.961,83.893,3.462,277.309,normal
2026-10-06 02:00:00,Indirapuram,28.646,77.369,55.517,94.453,37.893,15.254,1.102,16.696,11.569,89.941,1.2,247.527,normal
2026-10-06 03:00:00,Indirapuram,28.646,77.369,56.079,117.342,43.776,19.995,0.72,16.112,12.022,86.983,0.695,292.931,normal
2026-10-06 04:00:00,Indirapuram,28.646,77.369,50.471,89.71,35.518,12.197,0.993,9.498,11.865,77.19,2.002,321.053,normal
2026-10-06 05:00:00,Indirapuram,28.646,77.369,47.999,77.045,38.07,16.362,0.991,31.09,12.679,82.585,4.754,313.755,normal
2026-10-06 06:00:00,Indirapuram,28.646,77.369,52.083,96.307,38.459,19.38,0.947,22.047,14.795,79.678,0.5,347.6,normal
2026-10-06 07:00:00,Indirapuram,28.646,77.369,55.86,106.28,36.782,15.218,0.768,28.603,15.411,79.674,2.878,298.313,normal
2026-10-06 08:00:00,Indirapuram,28.646,77.369,48.321,92.478,40.878,18.953,0.955,24.365,17.184,64.581,5.402,348.573,normal
2026-10-06 09:00:00,Indirapuram,28.646,77.369,53.794,111.447,34.041,10.916,0.71,40.696,18.073,76.541,6.093,268.008,normal
2026-10-06 10:00:00,Indirapuram,28.646,77.369,41.298,66.663,40.166,18.642,0.545,36.155,22.157,58.613,7.917,286.734,normal
2026-10-06 11:00:00,Indirapuram,28.646,77.369,32.673,58.448,36.354,14.54,0.737,44.293,24.613,51.367,12.678,310.6,normal
2026-10-06 12:00:00,Indirapuram,28.646,77.369,29.57,58.598,38.678,12.382,0.731,63.814,24.978,45.355,13.876,248.935,normal
2026-10-06 13:00:00,Indirapuram,28.646,77.369,27.567,51.967,27.545,17.102,0.982,59.774,26.041,46.622,13.425,299.45,normal
2026-10-06 14:00:00,Indirapuram,28.646,77.369,25.45,41.315,31.389,10.657,0.732,57.076,27.756,41.63,12.686,265.857,normal
2026-10-06 15:00:00,Indirapuram,28.646,77.369,28.671,56.983,26.235,14.586,0.76,63.073,27.182,44.419,10.761,314.485,normal
2026-10-06 16:00:00,Indirapuram,28.646,77.369,27.302,47.284,31.265,13.107,0.596,73.083,27.636,51.532,17.47,315.484,normal
2026-10-06 17:00:00,Indirapuram,28.646,77.369,30.481,57.648,30.263,14.172,0.744,79.798,26.219,44.833,13.91,216.925,normal
2026-10-06 18:00:00,Indirapuram,28.646,77.369,39.442,81.165,32.005,15.908,0.658,51.445,26.275,51.426,9.01,1.206,normal
2026-10-06 19:00:00,Indirapuram,28.646,77.369,36.846,63.701,29.523,8.646,0.867,36.118,23.266,55.258,12.059,272.416,normal
2026-10-06 20:00:00,Indirapuram,28.646,77.369,35.798,68.46,39.359,14.849,0.905,46.197,24.268,55.251,10.129,294.975,normal
2026-10-06 21:00:00,Indirapuram,28.646,77.369,36.105,74.357,32.183,19.209,0.8,33.503,19.79,49.403,6.745,246.122,normal
2026-10-06 22:00:00,Indirapuram,28.646,77.369,37.535,74.535,37.309,12.119,0.664,46.537,16.427,66.659,6.144,276.205,normal
2026-10-06 23:00:00,Indirapuram,28.646,77.369,38.433,80.325,36.498,17.618,0.769,23.253,15.4,71.947,5.866,329.333,normal
2026-10-07 00:00:00,Indirapuram,28.646,77.369,37.51,68.987,26.637,17.542,0.903,27.874,15.466,69.352,2.484,252.981,normal
2026-10-07 01:00:00,Indirapuram,28.646,77.369,42.165,82.249,32.828,12.433,0.78,20.808,14.324,67.443,0.587,313.098,normal
2026-10-07 02:00:00,Indirapuram,28.646,77.369,45.005,89.97,34.035,9.203,0.783,19.574,12.348,86.859,3.379,297.057,normal
2026-10-07 03:00:00,Indirapuram,28.646,77.369,46.267,93.29,41.739,15.75,0.729,13.598,10.533,82.239,2.88,324.625,normal
2026-10-07 04:00:00,Indirapuram,28.646,77.369,45.766,80.531,34.925,14.13,0.964,29.358,11.103,78.716,0.5,218.199,normal
2026-10-07 05:00:00,Indirapuram,28.646,77.369,44.509,71.388,43.726,16.042,0.916,10.164,14.339,74.199,0.5,355.392,normal
2026-10-07 06:00:00,Indirapuram,28.646,77.369,47.491,86.305,39.43,12.327,0.906,19.933,14.034,77.51,0.5,340.046,normal
2026-10-07 07:00:00,Indirapuram,28.646,77.369,51.996,85.695,37.901,15.328,0.969,35.976,16.556,79.118,1.167,301.399,normal
2026-10-07 08:00:00,Indirapuram,28.646,77.369,46.639,92.294,32.785,12.309,0.693,33.714,18.303,69.331,5.852,352.354,normal
2026-10-07 09:00:00,Indirapuram,28.646,77.369,47.794,93.937,44.575,15.955,0.848,32.78,19.025,60.964,5.742,334.0,normal
2026-10-07 10:00:00,Indirapuram,28.646,77.369,43.87,75.803,36.223,13.478,0.713,40.065,21.604,60.697,10.419,337.786,normal
2026-10-07 11:00:00,Indirapuram,28.646,77.369,43.529,71.501,34.43,11.278,0.667,48.319,23.713,60.33,9.067,338.484,normal
2026-10-07 12:00:00,Indirapuram,28.646,77.369,37.38,65.513,42.084,16.078,0.751,57.959,25.119,44.778,8.481,257.286,normal
2026-10-07 13:00:00,Indirapuram,28.646,77.369,36.878,69.305,39.788,10.913,0.809,62.127,26.769,53.046,9.988,287.864,normal
2026-10-07 14:00:00,Indirapuram,28.646,77.369,27.486,46.86,28.499,14.419,0.708,65.334,27.918,37.892,15.02,299.593,normal
2026-10-07 15:00:00,Indirapuram,28.646,77.369,29.769,51.302,25.511,13.881,0.632,85.677,28.103,46.391,16.037,270.669,normal
2026-10-07 16:00:00,Indirapuram,28.646,77.369,36.507,66.228,29.08,13.517,0.798,69.966,26.916,39.584,7.785,317.414,normal
2026-10-07 17:00:00,Indirapuram,28.646,77.369,35.21,61.903,32.431,15.554,0.644,73.478,26.44,42.678,12.323,302.84,normal
2026-10-07 18:00:00,Indirapuram,28.646,77.369,36.543,62.852,31.572,9.653,0.764,60.532,26.976,47.99,14.74,309.063,normal
2026-10-07 19:00:00,Indirapuram,28.646,77.369,43.547,74.296,36.191,14.876,0.689,50.511,23.846,57.836,10.399,245.606,normal
2026-10-07 20:00:00,Indirapuram,28.646,77.369,44.196,75.113,25.361,12.973,0.575,46.343,22.016,61.803,8.761,242.002,normal
2026-10-07 21:00:00,Indirapuram,28.646,77.369,38.761,74.862,29.438,10.269,0.846,50.679,19.239,71.075,14.226,307.877,normal
2026-10-07 22:00:00,Indirapuram,28.646,77.369,42.693,80.101,31.276,18.697,0.839,42.526,17.644,64.752,5.515,286.843,normal
2026-10-07 23:00:00,Indirapuram,28.646,77.369,36.285,70.966,34.945,11.144,0.635,31.315,15.423,73.239,10.226,263.858,normal
2026-10-05 00:00:00,Vasundhara,28.66,77.37,27.914,55.782,28.597,11.718,0.617,17.4,15.871,85.165,5.919,312.357,normal
2026-10-05 01:00:00,Vasundhara,28.66,77.37,29.624,54.288,25.219,15.765,0.692,27.037,14.324,80.426,3.984,316.818,normal
2026-10-05 02:00:00,Vasundhara,28.66,77.37,30.206,50.669,34.37,15.742,0.711,2.0,13.608,83.627,3.799,314.942,normal
2026-10-05 03:00:00,Vasundhara,28.66,77.37,32.64,65.2,39.14,12.117,0.864,23.547,12.209,87.656,1.509,288.257,normal
2026-10-05 04:00:00,Vasundhara,28.66,77.37,35.401,56.948,29.014,14.961,0.641,25.038,11.565,91.107,0.5,273.336,normal
2026-10-05 05:00:00,Vasundhara,28.66,77.37,36.805,66.354,40.917,15.053,0.791,23.451,12.915,85.211,1.702,319.002,normal
2026-10-05 06:00:00,Vasundhara,28.66,77.37,33.187,69.504,35.657,16.435,0.884,17.611,13.259,68.519,3.57,306.04,normal
2026-10-05 07:00:00,Vasundhara,28.66,77.37,39.027,71.908,30.718,12.29,0.63,26.165,15.271,74.66,1.258,36.752,normal
2026-10-05 08:00:00,Vasundhara,28.66,77.37,35.009,71.058,36.171,14.907,0.827,15.755,19.071,73.125,9.042,297.317,normal
2026-10-05 09:00:00,Vasundhara,28.66,77.37,35.384,70.398,32.007,16.4,0.742,38.927,20.297,57.025,7.052,316.5,normal
2026-10-05 10:00:00,Vasundhara,28.66,77.37,31.692,60.037,27.359,15.017,0.711,42.227,23.333,60.241,11.336,352.845,normal
2026-10-05 11:00:00,Vasundhara,28.66,77.37,27.585,50.577,33.945,13.213,0.657,59.641,23.857,63.141,13.177,288.249,normal
2026-10-05 12:00:00,Vasundhara,28.66,77.37,26.161,42.307,23.37,15.288,0.609,70.108,25.551,55.433,12.858,253.424,normal
2026-10-05 13:00:00,Vasundhara,28.66,77.37,20.901,34.35,24.903,10.213,0.483,67.497,27.004,41.738,13.774,232.074,normal
2026-10-05 14:00:00,Vasundhara,28.66,77.37,20.577,39.547,31.477,10.606,0.663,63.85,28.785,45.792,16.342,326.052,normal
2026-10-05 15:00:00,Vasundhara,28.66,77.37,27.616,44.474,30.227,14.145,0.752,68.053,29.286,55.037,12.984,319.569,normal
2026-10-05 16:00:00,Vasundhara,28.66,77.37,27.601,53.055,32.891,16.584,0.858,61.765,28.936,46.338,12.535,306.26,normal
2026-10-05 17:00:00,Vasundhara,28.66,77.37,28.156,54.881,36.417,11.464,0.655,69.156,25.134,44.81,12.179,267.028,normal
2026-10-05 18:00:00,Vasundhara,28.66,77.37,29.133,50.921,28.818,11.761,0.629,56.412,27.847,52.332,15.377,299.675,normal
2026-10-05 19:00:00,Vasundhara,28.66,77.37,37.159,76.311,28.671,14.37,0.855,62.081,24.732,60.557,9.587,335.817,normal
2026-10-05 20:00:00,Vasundhara,28.66,77.37,31.529,60.609,33.719,13.648,0.776,43.815,20.481,52.177,13.138,241.143,normal
2026-10-05 21:00:00,Vasundhara,28.66,77.37,35.128,59.808,34.552,14.907,0.885,39.044,19.75,63.346,8.725,327.731,normal
2026-10-05 22:00:00,Vasundhara,28.66,77.37,32.19,60.602,28.314,12.641,0.538,27.225,19.835,70.999,6.279,291.313,normal
2026-10-05 23:00:00,Vasundhara,28.66,77.37,35.273,67.371,39.361,8.71,0.788,40.757,15.929,82.012,5.682,289.18,normal
2026-10-06 00:00:00,Vasundhara,28.66,77.37,35.36,67.46,25.986,15.475,0.744,29.572,14.081,79.125,6.436,259.02,normal
2026-10-06 01:00:00,Vasundhara,28.66,77.37,34.859,57.684,32.978,14.789,0.643,26.882,11.434,86.035,6.142,322.612,normal
2026-10-06 02:00:00,Vasundhara,28.66,77.37,33.736,61.984,30.357,14.589,0.62,24.466,13.872,78.094,4.792,245.242,normal
2026-10-06 03:00:00,Vasundhara,28.66,77.37,29.07,53.638,29.434,12.584,0.651,12.449,12.344,85.468,12.156,309.517,normal
2026-10-06 04:00:00,Vasundhara,28.66,77.37,40.789,75.414,37.609,16.963,0.803,9.026,12.383,92.322,0.5,322.918,normal
2026-10-06 05:00:00,Vasundhara,28.66,77.37,39.668,80.664,35.499,12.361,0.54,26.013,12.756,77.297,3.296,293.141,normal
2026-10-06 06:00:00,Vasundhara,28.66,77.37,42.703,82.212,34.037,15.528,0.898,19.924,15.633,85.844,4.751,345.079,normal
2026-10-06 07:00:00,Vasundhara,28.66,77.37,44.277,89.126,39.736,10.676,0.894,33.407,16.128,80.807,7.836,301.402,normal
2026-10-06 08:00:00,Vasundhara,28.66,77.37,43.824,83.441,42.169,19.352,0.873,33.353,16.81,74.293,6.517,272.132,normal
2026-10-06 09:00:00,Vasundhara,28.66,77.37,45.399,85.73,31.729,7.966,1.011,45.812,20.472,78.601,9.849,8.641,normal
2026-10-06 10:00:00,Vasundhara,28.66,77.37,38.824,77.227,35.517,12.559,0.703,49.524,22.71,54.276,8.934,305.099,normal
2026-10-06 11:00:00,Vasundhara,28.66,77.37,32.734,66.683,31.779,8.787,0.745,47.286,22.21,54.354,12.224,261.219,normal
2026-10-06 12:00:00,Vasundhara,28.66,77.37,33.564,66.144,27.153,11.494,0.866,46.033,26.938,53.253,10.221,276.492,normal
2026-10-06 13:00:00,Vasundhara,28.66,77.37,28.84,48.365,35.477,9.536,0.653,58.417,26.105,40.799,10.004,251.279,normal
2026-10-06 14:00:00,Vasundhara,28.66,77.37,25.8,42.966,31.673,10.388,0.685,66.47,27.447,43.414,13.061,285.941,normal
2026-10-06 15:00:00,Vasundhara,28.66,77.37,25.43,52.937,24.949,13.624,0.743,58.01,26.565,46.119,15.306,279.584,normal
2026-10-06 16:00:00,Vasundhara,28.66,77.37,31.787,62.017,38.011,11.159,0.78,64.238,28.154,51.333,9.558,306.189,normal
2026-10-06 17:00:00,Vasundhara,28.66,77.37,28.188,52.343,38.245,9.406,0.587,61.598,26.624,44.672,15.285,325.276,normal
2026-10-06 18:00:00,Vasundhara,28.66,77.37,34.593,70.185,29.454,16.06,0.823,44.757,26.73,45.96,9.764,302.439,normal
2026-10-06 19:00:00,Vasundhara,28.66,77.37,36.937,61.726,41.756,16.881,0.925,40.441,22.781,50.277,12.166,351.522,normal
2026-10-06 20:00:00,Vasundhara,28.66,77.37,41.602,78.239,33.774,16.376,0.843,51.951,21.771,62.138,10.007,314.643,normal
2026-10-06 21:00:00,Vasundhara,28.66,77.37,47.533,80.997,29.872,15.397,0.861,24.47,21.415,77.376,4.112,268.095,normal
2026-10-06 22:00:00,Vasundhara,28.66,77.37,45.878,85.471,33.541,14.133,0.84,32.487,16.383,65.659,3.156,324.001,normal
2026-10-06 23:00:00,Vasundhara,28.66,77.37,41.36,85.635,32.459,12.784,0.806,34.919,16.589,71.305,7.592,354.873,normal
2026-10-07 00:00:00,Vasundhara,28.66,77.37,42.459,84.151,31.083,19.144,0.814,10.177,16.189,78.06,5.946,265.886,normal
2026-10-07 01:00:00,Vasundhara,28.66,77.37,48.216,97.618,33.464,16.914,1.004,19.558,13.038,88.041,0.5,312.795,normal
2026-10-07 02:00:00,Vasundhara,28.66,77.37,43.239,86.718,34.229,13.991,0.665,6.367,13.094,78.098,1.323,297.294,normal
2026-10-07 03:00:00,Vasundhara,28.66,77.37,44.718,76.688,36.164,8.936,0.97,17.232,11.559,94.39,2.984,285.297,normal
2026-10-07 04:00:00,Vasundhara,28.66,77.37,47.61,83.371,30.659,15.281,0.503,11.203,12.576,98.0,1.241,244.541,normal
2026-10-07 05:00:00,Vasundhara,28.66,77.37,46.645,79.439,34.347,9.639,0.705,13.043,12.522,86.85,2.52,278.487,normal
2026-10-07 06:00:00,Vasundhara,28.66,77.37,39.233,81.157,37.277,14.063,0.801,15.677,13.41,73.871,5.237,26.163,normal
2026-10-07 07:00:00,Vasundhara,28.66,77.37,45.687,86.458,35.412,16.721,1.04,23.173,14.825,76.895,1.992,286.791,normal
2026-10-07 08:00:00,Vasundhara,28.66,77.37,45.491,85.988,34.197,17.38,1.044,22.5,18.56,73.824,5.559,277.866,normal
2026-10-07 09:00:00,Vasundhara,28.66,77.37,35.594,61.42,26.576,11.606,0.858,34.635,19.896,53.053,8.151,313.274,normal
2026-10-07 10:00:00,Vasundhara,28.66,77.37,41.345,68.688,31.155,11.985,0.866,33.362,21.387,76.653,10.126,295.215,normal
2026-10-07 11:00:00,Vasundhara,28.66,77.37,33.402,62.269,42.773,8.46,0.773,59.895,23.95,61.578,11.939,288.78,normal
2026-10-07 12:00:00,Vasundhara,28.66,77.37,29.89,60.387,37.76,10.718,0.678,54.748,26.512,60.253,12.372,290.815,normal
2026-10-07 13:00:00,Vasundhara,28.66,77.37,27.169,47.155,30.863,11.092,0.484,69.654,27.317,56.887,11.874,302.742,normal
2026-10-07 14:00:00,Vasundhara,28.66,77.37,22.322,41.989,22.644,8.73,0.549,68.216,26.346,45.425,17.579,221.61,normal
2026-10-07 15:00:00,Vasundhara,28.66,77.37,24.725,41.655,26.747,11.236,0.611,64.51,28.532,45.307,12.959,344.936,normal
2026-10-07 16:00:00,Vasundhara,28.66,77.37,29.965,52.488,33.668,13.035,0.605,55.043,26.485,43.248,9.18,321.27,normal
2026-10-07 17:00:00,Vasundhara,28.66,77.37,32.365,63.954,34.348,11.458,0.576,53.793,28.593,43.616,8.056,34.767,normal
2026-10-07 18:00:00,Vasundhara,28.66,77.37,35.4,64.114,33.917,8.735,0.698,59.079,25.53,58.014,11.448,324.794,normal
2026-10-07 19:00:00,Vasundhara,28.66,77.37,31.851,57.096,36.788,4.563,0.578,67.763,24.526,51.691,13.768,309.679,normal
2026-10-07 20:00:00,Vasundhara,28.66,77.37,33.94,57.289,27.653,18.066,0.963,35.24,19.982,60.712,11.354,287.87,normal
2026-10-07 21:00:00,Vasundhara,28.66,77.37,35.658,67.494,36.72,13.086,0.821,44.898,19.961,68.283,9.102,227.636,normal
2026-10-07 22:00:00,Vasundhara,28.66,77.37,33.487,69.969,32.949,10.201,0.715,48.275,16.605,76.451,13.353,288.084,normal
2026-10-07 23:00:00,Vasundhara,28.66,77.37,34.362,58.721,36.37,9.198,0.648,37.017,14.917,67.511,3.467,243.74,normal
2026-10-05 00:00:00,Raj Nagar,28.675,77.44,32.062,54.251,27.117,12.041,0.879,28.477,15.438,78.566,3.037,329.783,normal
2026-10-05 01:00:00,Raj Nagar,28.675,77.44,35.372,64.736,43.853,12.032,0.634,28.573,14.452,88.186,2.764,313.158,normal
2026-10-05 02:00:00,Raj Nagar,28.675,77.44,34.974,68.358,31.067,10.512,0.75,13.854,13.241,82.782,3.019,270.807,normal
2026-10-05 03:00:00,Raj Nagar,28.675,77.44,33.487,67.322,32.231,14.989,0.605,9.675,11.491,79.224,2.6,295.3,normal
2026-10-05 04:00:00,Raj Nagar,28.675,77.44,32.637,54.863,31.086,12.948,0.872,23.271,12.447,82.919,6.218,293.594,normal
2026-10-05 05:00:00,Raj Nagar,28.675,77.44,37.48,70.711,30.135,13.878,0.877,15.043,12.0,83.419,3.738,204.105,normal
2026-10-05 06:00:00,Raj Nagar,28.675,77.44,38.154,79.009,29.742,11.274,0.852,15.197,15.209,73.681,4.39,248.4,normal
2026-10-05 07:00:00,Raj Nagar,28.675,77.44,42.5,69.771,38.822,16.696,0.645,38.661,15.782,79.813,4.174,4.053,normal
2026-10-05 08:00:00,Raj Nagar,28.675,77.44,46.11,80.184,40.764,13.9,0.836,24.366,18.401,77.831,6.0,316.698,normal
2026-10-05 09:00:00,Raj Nagar,28.675,77.44,39.561,75.55,32.218,11.37,0.986,38.077,19.02,63.249,6.85,4.108,normal
2026-10-05 10:00:00,Raj Nagar,28.675,77.44,32.652,62.964,30.169,11.958,0.747,51.01,22.147,52.015,11.779,333.687,normal
2026-10-05 11:00:00,Raj Nagar,28.675,77.44,36.9,76.093,32.106,13.308,1.017,56.28,22.182,63.982,9.628,352.169,normal
2026-10-05 12:00:00,Raj Nagar,28.675,77.44,28.339,46.706,19.941,16.243,0.758,53.255,24.93,49.844,11.316,278.194,normal
2026-10-05 13:00:00,Raj Nagar,28.675,77.44,22.547,45.054,29.31,14.365,0.485,64.339,27.868,44.644,18.202,333.096,normal
2026-10-05 14:00:00,Raj Nagar,28.675,77.44,25.949,52.855,24.484,8.538,0.601,55.312,27.065,38.278,12.522,300.007,normal
2026-10-05 15:00:00,Raj Nagar,28.675,77.44,29.861,48.566,36.85,12.63,0.535,71.384,26.651,41.646,9.088,19.133,normal
2026-10-05 16:00:00,Raj Nagar,28.675,77.44,29.228,48.779,32.068,13.114,0.877,63.098,30.802,54.275,18.037,252.833,normal
2026-10-05 17:00:00,Raj Nagar,28.675,77.44,34.691,63.261,30.577,13.645,0.771,69.291,27.24,47.93,12.322,302.491,normal
2026-10-05 18:00:00,Raj Nagar,28.675,77.44,33.263,61.539,33.273,9.844,0.812,62.11,27.039,46.892,14.592,280.127,normal
2026-10-05 19:00:00,Raj Nagar,28.675,77.44,37.788,65.685,39.619,12.124,0.897,67.595,23.382,56.531,15.601,338.28,normal
2026-10-05 20:00:00,Raj Nagar,28.675,77.44,44.17,86.082,25.085,12.41,0.769,46.393,21.683,53.173,5.999,248.282,normal
2026-10-05 21:00:00,Raj Nagar,28.675,77.44,48.106,88.023,39.862,12.965,0.734,46.822,21.054,70.321,6.343,275.468,normal
2026-10-05 22:00:00,Raj Nagar,28.675,77.44,42.401,82.12,28.489,12.568,1.053,41.793,18.381,69.586,7.327,285.039,normal
2026-10-05 23:00:00,Raj Nagar,28.675,77.44,47.004,96.815,38.629,12.663,0.821,30.84,14.048,80.487,1.565,345.731,normal
2026-10-06 00:00:00,Raj Nagar,28.675,77.44,43.871,84.167,42.839,16.354,0.841,17.52,16.631,78.433,1.841,254.76,normal
2026-10-06 01:00:00,Raj Nagar,28.675,77.44,46.603,95.373,35.738,9.523,0.875,10.541,12.718,88.785,2.699,306.563,normal
2026-10-06 02:00:00,Raj Nagar,28.675,77.44,45.578,83.262,40.201,19.758,0.964,6.585,11.241,85.549,3.844,342.882,normal
2026-10-06 03:00:00,Raj Nagar,28.675,77.44,48.475,95.201,39.716,16.061,0.714,27.755,12.81,81.937,1.413,271.396,normal
2026-10-06 04:00:00,Raj Nagar,28.675,77.44,53.045,100.703,40.731,17.09,1.039,10.415,11.046,93.006,0.5,292.768,normal
2026-10-06 05:00:00,Raj Nagar,28.675,77.44,50.178,103.041,37.526,13.166,1.065,14.73,10.769,78.387,0.5,329.491,normal
2026-10-06 06:00:00,Raj Nagar,28.675,77.44,51.817,94.743,34.975,12.465,0.858,25.585,13.73,82.966,5.395,321.384,normal
2026-10-06 07:00:00,Raj Nagar,28.675,77.44,43.408,76.845,37.005,7.621,0.696,33.148,15.221,60.544,7.369,248.209,normal
2026-10-06 08:00:00,Raj Nagar,28.675,77.44,50.64,90.351,40.917,13.895,0.719,35.593,18.984,72.975,6.465,343.393,normal
2026-10-06 09:00:00,Raj Nagar,28.675,77.44,42.185,83.141,39.19,14.682,0.89,42.138,19.669,55.632,8.675,350.965,normal
2026-10-06 10:00:00,Raj Nagar,28.675,77.44,41.475,68.293,34.211,13.375,0.729,52.874,21.983,63.413,9.607,330.69,normal
2026-10-06 11:00:00,Raj Nagar,28.675,77.44,40.113,83.56,34.456,13.883,0.879,60.035,26.967,61.074,8.55,315.61,normal
2026-10-06 12:00:00,Raj Nagar,28.675,77.44,32.611,59.463,33.937,13.331,0.83,54.923,25.098,55.173,13.335,7.373,normal
2026-10-06 13:00:00,Raj Nagar,28.675,77.44,28.217,49.298,35.017,15.401,0.732,55.486,26.419,51.792,16.87,261.655,normal
2026-10-06 14:00:00,Raj Nagar,28.675,77.44,29.437,55.689,28.897,18.392,0.823,69.988,27.153,52.609,14.068,303.734,normal
2026-10-06 15:00:00,Raj Nagar,28.675,77.44,24.483,44.378,25.994,11.668,0.594,66.18,28.666,40.324,15.856,280.686,normal
2026-10-06 16:00:00,Raj Nagar,28.675,77.44,30.647,54.733,38.043,14.436,0.621,66.832,27.737,49.569,10.991,315.219,normal
2026-10-06 17:00:00,Raj Nagar,28.675,77.44,33.191,56.505,27.973,7.463,0.727,55.724,26.207,54.006,11.975,300.329,normal
2026-10-06 18:00:00,Raj Nagar,28.675,77.44,34.448,56.137,28.505,9.435,0.762,67.076,26.568,45.398,12.384,285.293,normal
2026-10-06 19:00:00,Raj Nagar,28.675,77.44,38.798,71.594,40.224,11.227,0.753,52.945,22.803,49.441,13.924,333.329,normal
2026-10-06 20:00:00,Raj Nagar,28.675,77.44,48.398,77.756,33.253,9.192,1.119,53.135,22.191,63.038,7.73,341.721,normal
2026-10-06 21:00:00,Raj Nagar,28.675,77.44,44.505,79.23,39.042,14.372,0.635,43.79,17.995,67.406,9.403,341.297,normal
2026-10-06 22:00:00,Raj Nagar,28.675,77.44,47.108,81.062,38.204,13.279,0.919,22.8,19.586,78.493,7.409,15.933,normal
2026-10-06 23:00:00,Raj Nagar,28.675,77.44,43.741,78.157,31.659,14.504,0.648,26.202,14.679,73.996,6.891,285.277,normal
2026-10-07 00:00:00,Raj Nagar,28.675,77.44,44.67,82.309,34.18,16.784,0.857,20.304,14.733,78.375,1.981,335.657,normal
2026-10-07 01:00:00,Raj Nagar,28.675,77.44,42.439,86.411,44.51,16.707,0.974,14.48,14.106,78.045,4.32,288.994,normal
2026-10-07 02:00:00,Raj Nagar,28.675,77.44,44.553,93.034,43.411,10.586,0.562,2.95,10.96,79.986,3.28,286.8,normal
2026-10-07 03:00:00,Raj Nagar,28.675,77.44,44.943,89.092,43.098,13.2,0.883,26.804,11.034,79.548,3.06,11.179,normal
2026-10-07 04:00:00,Raj Nagar,28.675,77.44,44.63,74.902,48.337,12.711,0.899,20.991,11.356,86.807,5.368,347.452,normal
2026-10-07 05:00:00,Raj Nagar,28.675,77.44,43.032,89.444,44.135,12.021,0.812,18.138,12.756,86.687,6.467,259.868,normal
2026-10-07 06:00:00,Raj Nagar,28.675,77.44,44.72,75.401,44.909,11.236,0.769,14.718,13.796,79.195,4.341,277.831,normal
2026-10-07 07:00:00,Raj Nagar,28.675,77.44,49.443,88.362,40.714,13.803,0.879,19.058,15.911,77.343,3.201,322.207,normal
2026-10-07 08:00:00,Raj Nagar,28.675,77.44,43.212,73.227,35.743,16.987,0.886,31.559,18.35,63.03,6.416,287.498,normal
2026-10-07 09:00:00,Raj Nagar,28.675,77.44,52.085,94.539,37.005,15.222,0.693,40.959,20.609,75.824,5.192,267.357,normal
2026-10-07 10:00:00,Raj Nagar,28.675,77.44,39.495,75.015,29.086,16.129,0.773,31.067,23.259,54.242,10.281,354.239,normal
2026-10-07 11:00:00,Raj Nagar,28.675,77.44,35.872,69.788,34.766,15.408,0.785,60.224,23.1,59.788,15.112,236.846,normal
2026-10-07 12:00:00,Raj Nagar,28.675,77.44,32.572,63.171,35.172,12.246,0.81,60.196,26.677,44.781,11.831,350.389,normal
2026-10-07 13:00:00,Raj Nagar,28.675,77.44,30.096,48.567,31.127,8.988,0.95,56.098,24.949,50.697,14.355,255.239,normal
2026-10-07 14:00:00,Raj Nagar,28.675,77.44,27.671,57.235,31.398,6.157,0.766,70.914,25.751,47.432,12.993,271.436,normal
2026-10-07 15:00:00,Raj Nagar,28.675,77.44,24.653,45.311,30.696,7.873,0.667,69.839,28.479,35.878,13.173,316.831,normal
2026-10-07 16:00:00,Raj Nagar,28.675,77.44,26.781,42.985,26.555,8.58,0.629,75.561,28.991,41.894,15.14,341.9,normal
2026-10-07 17:00:00,Raj Nagar,28.675,77.44,33.907,55.812,32.666,17.956,0.646,56.884,27.199,51.666,10.736,316.56,normal
2026-10-07 18:00:00,Raj Nagar,28.675,77.44,36.781,73.623,31.102,12.367,0.76,58.731,26.027,56.323,9.992,324.125,normal
2026-10-07 19:00:00,Raj Nagar,28.675,77.44,34.513,62.725,33.266,9.234,0.702,59.737,22.721,57.411,14.862,325.603,normal
2026-10-07 20:00:00,Raj Nagar,28.675,77.44,45.363,87.911,39.038,14.751,0.8,53.56,21.171,64.767,6.082,226.575,normal
2026-10-07 21:00:00,Raj Nagar,28.675,77.44,44.449,79.487,39.29,9.489,0.9,48.0,19.266,70.142,7.268,286.281,normal
2026-10-07 22:00:00,Raj Nagar,28.675,77.44,40.835,71.333,34.884,9.109,1.017,26.673,17.771,77.961,12.334,218.732,normal
2026-10-07 23:00:00,Raj Nagar,28.675,77.44,35.648,65.886,36.966,15.36,0.908,45.07,15.744,66.744,9.61,338.716,normal
2026-10-05 00:00:00,Loni,28.75,77.285,67.404,114.824,47.901,15.944,0.989,16.386,15.201,85.033,2.736,236.966,normal
2026-10-05 01:00:00,Loni,28.75,77.285,68.991,143.159,35.542,15.914,1.057,29.834,12.055,87.4,0.5,267.995,normal
2026-10-05 02:00:00,Loni,28.75,77.285,73.601,125.722,40.575,16.511,1.265,2.0,9.407,88.088,0.654,326.67,normal
2026-10-05 03:00:00,Loni,28.75,77.285,76.726,128.382,30.109,17.388,0.918,5.69,12.575,96.276,0.5,308.893,normal
2026-10-05 04:00:00,Loni,28.75,77.285,68.897,130.852,34.101,10.501,0.79,28.899,11.434,91.693,0.5,271.208,normal
2026-10-05 05:00:00,Loni,28.75,77.285,54.825,106.883,38.752,20.34,0.849,18.335,13.615,75.27,8.964,332.978,normal
2026-10-05 06:00:00,Loni,28.75,77.285,66.418,114.045,43.298,15.027,1.031,18.396,13.048,78.851,1.249,309.2,normal
2026-10-05 07:00:00,Loni,28.75,77.285,66.323,126.01,39.635,16.399,0.767,45.395,16.7,75.96,4.841,351.338,normal
2026-10-05 08:00:00,Loni,28.75,77.285,60.005,103.867,44.394,13.585,1.091,38.512,16.367,53.198,4.331,344.36,normal
2026-10-05 09:00:00,Loni,28.75,77.285,54.028,98.968,37.615,17.755,0.822,42.008,19.561,55.405,9.285,285.498,normal
2026-10-05 10:00:00,Loni,28.75,77.285,54.238,113.009,38.714,17.874,0.826,51.375,20.046,53.138,7.826,336.053,normal
2026-10-05 11:00:00,Loni,28.75,77.285,53.365,100.383,43.485,16.185,0.857,44.762,24.678,58.544,6.733,277.705,normal
2026-10-05 12:00:00,Loni,28.75,77.285,45.302,83.7,32.103,11.646,0.655,54.592,24.19,54.548,11.131,257.579,normal
2026-10-05 13:00:00,Loni,28.75,77.285,38.733,77.079,30.336,12.506,0.573,49.735,26.7,47.604,15.243,291.577,normal
2026-10-05 14:00:00,Loni,28.75,77.285,43.646,86.524,27.609,12.328,0.607,72.283,29.199,57.742,14.594,310.48,normal
2026-10-05 15:00:00,Loni,28.75,77.285,41.259,82.021,31.299,14.036,0.797,62.927,26.559,45.448,15.07,296.549,normal
2026-10-05 16:00:00,Loni,28.75,77.285,50.81,91.027,22.607,16.255,1.01,63.281,28.129,51.953,10.098,295.673,normal
2026-10-05 17:00:00,Loni,28.75,77.285,47.715,93.572,32.948,16.862,0.655,66.286,26.933,46.949,14.565,319.741,normal
2026-10-05 18:00:00,Loni,28.75,77.285,54.532,105.638,31.999,12.426,1.068,54.621,26.075,49.599,12.84,238.18,normal
2026-10-05 19:00:00,Loni,28.75,77.285,57.729,94.624,39.01,17.772,0.944,46.775,23.591,55.729,12.318,332.58,normal
2026-10-05 20:00:00,Loni,28.75,77.285,61.402,106.881,42.915,12.415,0.837,46.022,21.998,64.615,9.784,313.546,normal
2026-10-05 21:00:00,Loni,28.75,77.285,65.841,128.006,41.851,18.455,0.924,42.891,19.267,71.956,7.611,296.67,normal
2026-10-05 22:00:00,Loni,28.75,77.285,60.759,119.566,36.79,14.581,0.944,51.003,18.431,64.131,6.951,28.225,normal
2026-10-05 23:00:00,Loni,28.75,77.285,71.007,115.179,45.02,19.428,1.025,16.7,16.099,74.007,1.023,296.637,normal
2026-10-06 00:00:00,Loni,28.75,77.285,63.02,103.577,41.543,11.412,0.969,18.512,15.302,73.673,6.084,243.59,normal
2026-10-06 01:00:00,Loni,28.75,77.285,69.867,129.073,42.916,12.63,0.785,26.393,11.549,81.558,4.575,174.389,normal
2026-10-06 02:00:00,Loni,28.75,77.285,76.079,139.963,46.346,16.412,0.993,22.04,12.409,96.045,2.852,344.896,normal
2026-10-06 03:00:00,Loni,28.75,77.285,76.973,126.496,50.278,18.609,0.726,15.528,12.117,88.727,2.683,277.244,normal
2026-10-06 04:00:00,Loni,28.75,77.285,66.445,113.984,39.412,15.491,1.125,14.259,11.412,87.297,3.693,313.032,normal
2026-10-06 05:00:00,Loni,28.75,77.285,66.869,119.894,41.743,14.258,1.079,21.497,13.439,92.086,4.238,0.726,normal
2026-10-06 06:00:00,Loni,28.75,77.285,68.959,118.069,40.392,18.057,1.04,22.421,14.786,72.719,0.898,355.158,normal
2026-10-06 07:00:00,Loni,28.75,77.285,66.91,113.672,51.067,26.485,0.88,15.66,15.225,79.999,9.586,297.986,normal
2026-10-06 08:00:00,Loni,28.75,77.285,66.684,132.575,38.865,16.829,1.031,32.551,18.213,68.548,8.249,321.679,normal
2026-10-06 09:00:00,Loni,28.75,77.285,60.014,101.104,38.598,15.415,1.028,42.41,18.814,58.799,11.315,273.929,normal
2026-10-06 10:00:00,Loni,28.75,77.285,57.437,112.525,34.317,15.269,0.815,44.333,22.686,57.428,10.105,313.308,normal
2026-10-06 11:00:00,Loni,28.75,77.285,53.316,89.364,38.332,14.131,0.836,51.346,24.316,56.455,11.591,285.72,normal
2026-10-06 12:00:00,Loni,28.75,77.285,46.618,77.126,34.64,13.607,0.865,54.383,27.141,49.936,11.644,261.898,normal
2026-10-06 13:00:00,Loni,28.75,77.285,43.544,82.735,28.412,14.723,0.689,70.252,27.701,47.417,14.903,289.562,normal
2026-10-06 14:00:00,Loni,28.75,77.285,43.057,85.861,26.66,12.761,0.646,66.068,30.081,38.263,12.068,273.163,normal
2026-10-06 15:00:00,Loni,28.75,77.285,50.268,91.126,31.983,12.627,1.066,66.553,28.731,57.727,13.224,290.564,normal
2026-10-06 16:00:00,Loni,28.75,77.285,46.804,81.293,38.912,8.902,0.837,60.59,27.705,52.826,17.56,281.721,normal
2026-10-06 17:00:00,Loni,28.75,77.285,55.883,114.474,35.358,16.963,0.868,70.028,26.28,47.847,10.586,4.821,normal
2026-10-06 18:00:00,Loni,28.75,77.285,61.111,125.724,36.73,17.412,1.308,48.681,25.273,59.932,12.911,324.731,normal
2026-10-06 19:00:00,Loni,28.75,77.285,69.414,112.992,33.91,20.548,0.994,44.639,25.701,57.491,8.595,308.738,normal
2026-10-06 20:00:00,Loni,28.75,77.285,70.352,124.468,40.06,17.662,1.011,54.632,22.856,57.754,6.418,307.195,normal
2026-10-06 21:00:00,Loni,28.75,77.285,66.845,125.475,44.989,11.568,0.745,36.895,18.496,61.697,7.259,345.472,normal
2026-10-06 22:00:00,Loni,28.75,77.285,62.659,109.778,49.224,16.953,0.799,33.446,19.856,70.156,8.374,214.125,normal
2026-10-06 23:00:00,Loni,28.75,77.285,70.078,142.096,44.017,14.69,1.026,40.279,17.474,73.836,0.5,257.958,normal
2026-10-07 00:00:00,Loni,28.75,77.285,62.749,119.254,39.102,13.649,0.691,28.527,13.496,80.854,5.879,321.977,normal
2026-10-07 01:00:00,Loni,28.75,77.285,59.767,100.649,29.499,12.057,0.825,18.89,12.349,78.099,6.418,244.355,normal
2026-10-07 02:00:00,Loni,28.75,77.285,68.743,132.241,36.58,14.226,1.032,5.33,12.413,89.029,0.5,346.987,normal
2026-10-07 03:00:00,Loni,28.75,77.285,64.701,109.748,39.925,14.809,0.842,9.348,12.165,85.978,4.187,347.804,normal
2026-10-07 04:00:00,Loni,28.75,77.285,65.483,133.163,32.201,15.776,0.866,24.867,13.845,85.941,4.383,279.408,normal
2026-10-07 05:00:00,Loni,28.75,77.285,55.209,103.047,33.354,16.456,0.962,8.237,13.972,70.87,8.29,292.877,normal
2026-10-07 06:00:00,Loni,28.75,77.285,66.807,119.133,38.688,16.664,1.033,24.474,14.341,80.154,0.609,295.367,normal
2026-10-07 07:00:00,Loni,28.75,77.285,57.481,116.902,39.942,14.673,0.849,38.551,15.535,64.393,3.125,32.089,normal
2026-10-07 08:00:00,Loni,28.75,77.285,59.844,97.454,32.748,9.242,1.053,33.524,15.546,66.581,4.282,343.567,normal
2026-10-07 09:00:00,Loni,28.75,77.285,52.018,100.793,37.966,8.563,0.872,19.632,19.214,61.941,7.426,295.123,normal
2026-10-07 10:00:00,Loni,28.75,77.285,47.926,78.248,40.478,16.56,0.864,53.139,23.11,50.127,5.737,282.15,normal
2026-10-07 11:00:00,Loni,28.75,77.285,40.811,85.523,28.753,11.408,0.924,47.015,24.741,52.636,13.618,355.778,normal
2026-10-07 12:00:00,Loni,28.75,77.285,38.206,63.839,22.339,11.552,0.762,45.034,25.755,40.582,12.581,343.282,normal
2026-10-07 13:00:00,Loni,28.75,77.285,40.882,81.249,36.127,15.52,0.676,59.665,27.164,46.371,9.645,306.947,normal
2026-10-07 14:00:00,Loni,28.75,77.285,32.894,59.014,29.382,11.324,0.845,71.138,26.986,42.321,15.685,341.66,normal
2026-10-07 15:00:00,Loni,28.75,77.285,37.1,68.875,30.242,12.782,0.743,61.37,26.203,51.566,17.952,298.681,normal
2026-10-07 16:00:00,Loni,28.75,77.285,40.8,75.655,31.741,13.241,0.486,70.029,28.608,45.979,13.545,236.57,normal
2026-10-07 17:00:00,Loni,28.75,77.285,44.378,82.255,30.905,6.4,0.726,70.332,24.692,51.118,14.226,298.851,normal
2026-10-07 18:00:00,Loni,28.75,77.285,49.209,98.102,29.77,14.967,0.937,53.707,26.21,46.581,10.759,249.721,normal
2026-10-07 19:00:00,Loni,28.75,77.285,52.293,104.359,36.507,12.263,0.972,66.442,25.96,49.491,9.744,246.396,normal
2026-10-07 20:00:00,Loni,28.75,77.285,49.165,97.044,30.512,10.446,1.081,54.239,20.788,51.166,11.101,349.327,normal
2026-10-07 21:00:00,Loni,28.75,77.285,51.611,95.974,33.547,16.492,0.876,44.515,20.008,58.867,8.01,299.014,normal
2026-10-07 22:00:00,Loni,28.75,77.285,59.409,121.356,34.371,16.976,0.957,39.661,17.121,73.913,4.77,230.204,normal
2026-10-07 23:00:00,Loni,28.75,77.285,58.387,102.846,35.754,12.87,0.997,26.12,14.757,72.111,1.803,306.335,normal
2026-10-05 00:00:00,Sahibabad,28.68,77.36,60.187,119.116,39.509,13.388,0.953,20.477,14.047,84.09,4.007,307.899,normal
2026-10-05 01:00:00,Sahibabad,28.68,77.36,65.858,115.208,44.91,15.4,1.106,30.092,14.314,86.623,0.5,258.195,normal
2026-10-05 02:00:00,Sahibabad,28.68,77.36,66.596,107.033,44.753,18.048,1.07,26.545,11.342,79.58,0.587,310.751,normal
2026-10-05 03:00:00,Sahibabad,28.68,77.36,69.431,142.906,42.083,12.894,1.078,15.341,11.926,86.326,1.171,301.356,normal
2026-10-05 04:00:00,Sahibabad,28.68,77.36,62.818,112.609,42.574,16.838,0.805,26.946,14.185,82.836,6.705,341.55,normal
2026-10-05 05:00:00,Sahibabad,28.68,77.36,59.061,97.527,47.405,8.962,1.033,10.981,15.856,71.573,5.49,21.234,normal
2026-10-05 06:00:00,Sahibabad,28.68,77.36,56.111,95.513,40.391,14.945,0.68,18.717,14.048,65.923,3.516,258.68,normal
2026-10-05 07:00:00,Sahibabad,28.68,77.36,59.229,95.621,41.479,18.122,0.865,13.888,15.954,72.465,5.209,342.708,normal
2026-10-05 08:00:00,Sahibabad,28.68,77.36,52.84,105.48,41.055,16.296,0.948,41.423,18.954,60.628,5.722,350.62,normal
2026-10-05 09:00:00,Sahibabad,28.68,77.36,52.865,90.128,38.08,13.74,0.995,31.77,19.246,71.284,8.959,229.401,normal
2026-10-05 10:00:00,Sahibabad,28.68,77.36,44.99,76.429,38.121,15.492,0.941,41.677,21.495,57.037,11.652,318.012,normal
2026-10-05 11:00:00,Sahibabad,28.68,77.36,43.988,76.681,33.551,12.528,1.015,52.807,23.239,55.403,11.037,4.71,normal
2026-10-05 12:00:00,Sahibabad,28.68,77.36,46.598,86.341,34.666,16.087,0.84,55.353,27.209,64.71,11.694,276.664,normal
2026-10-05 13:00:00,Sahibabad,28.68,77.36,37.511,72.872,33.986,9.899,0.7,53.409,26.767,43.4,12.169,309.531,normal
2026-10-05 14:00:00,Sahibabad,28.68,77.36,37.032,59.448,39.672,16.797,0.722,59.385,27.5,42.432,12.322,267.683,normal
2026-10-05 15:00:00,Sahibabad,28.68,77.36,40.927,81.029,34.045,14.275,0.826,48.488,28.129,51.934,13.454,293.824,normal
2026-10-05 16:00:00,Sahibabad,28.68,77.36,35.931,72.01,30.989,16.619,0.672,61.877,27.349,45.34,15.531,334.422,normal
2026-10-05 17:00:00,Sahibabad,28.68,77.36,43.193,83.629,40.586,11.308,0.826,55.236,26.854,52.857,15.539,239.097,normal
2026-10-05 18:00:00,Sahibabad,28.68,77.36,49.716,90.228,35.68,8.527,0.729,63.909,26.036,49.691,8.03,328.944,normal
2026-10-05 19:00:00,Sahibabad,28.68,77.36,50.683,89.721,31.792,10.605,1.218,47.458,22.064,57.974,9.627,294.82,normal
2026-10-05 20:00:00,Sahibabad,28.68,77.36,55.735,97.427,36.322,14.678,0.903,45.566,21.357,66.119,7.562,304.517,normal
2026-10-05 21:00:00,Sahibabad,28.68,77.36,54.737,97.562,34.764,15.189,1.044,38.85,20.413,71.046,6.57,308.13,normal
2026-10-05 22:00:00,Sahibabad,28.68,77.36,48.791,81.65,33.115,12.405,0.745,43.137,17.568,66.14,6.444,341.807,normal
2026-10-05 23:00:00,Sahibabad,28.68,77.36,51.029,105.436,41.457,9.25,0.766,29.809,16.136,62.896,2.568,14.373,normal
2026-10-06 00:00:00,Sahibabad,28.68,77.36,50.208,101.454,30.859,12.922,0.869,21.945,13.185,73.902,4.626,329.09,normal
2026-10-06 01:00:00,Sahibabad,28.68,77.36,50.158,82.265,37.859,12.851,0.656,18.325,11.969,78.666,4.418,336.045,normal
2026-10-06 02:00:00,Sahibabad,28.68,77.36,53.228,87.539,34.749,10.317,0.902,10.826,11.647,88.848,4.727,10.866,normal
2026-10-06 03:00:00,Sahibabad,28.68,77.36,57.055,94.206,37.715,18.751,0.87,18.313,11.915,87.045,0.66,284.313,normal
2026-10-06 04:00:00,Sahibabad,28.68,77.36,54.283,92.844,35.212,12.293,1.142,14.724,12.093,88.418,5.158,323.31,normal
2026-10-06 05:00:00,Sahibabad,28.68,77.36,58.553,97.971,33.928,13.947,0.881,7.428,12.415,86.965,2.178,330.865,normal
2026-10-06 06:00:00,Sahibabad,28.68,77.36,58.539,119.924,40.698,19.928,0.861,24.947,15.182,81.158,3.161,325.982,normal
2026-10-06 07:00:00,Sahibabad,28.68,77.36,58.455,117.472,41.813,14.4,1.005,27.457,15.526,74.476,2.516,333.2,normal
2026-10-06 08:00:00,Sahibabad,28.68,77.36,53.842,95.509,36.145,16.255,0.814,33.925,17.234,67.091,7.19,81.638,normal
2026-10-06 09:00:00,Sahibabad,28.68,77.36,57.81,101.442,38.953,14.7,0.952,47.018,18.957,59.952,4.063,227.82,normal
2026-10-06 10:00:00,Sahibabad,28.68,77.36,49.871,83.725,39.276,12.333,0.894,55.257,22.335,59.971,9.441,332.78,normal
2026-10-06 11:00:00,Sahibabad,28.68,77.36,43.437,71.047,31.614,11.649,0.902,58.526,24.268,50.864,10.195,276.626,normal
2026-10-06 12:00:00,Sahibabad,28.68,77.36,40.727,79.162,28.463,15.982,0.787,49.904,26.975,47.434,11.275,324.399,normal
2026-10-06 13:00:00,Sahibabad,28.68,77.36,40.197,81.578,45.351,16.136,0.766,55.882,26.481,49.074,9.7,283.187,normal
2026-10-06 14:00:00,Sahibabad,28.68,77.36,32.944,56.079,27.522,16.571,0.696,58.274,27.918,45.808,13.216,286.058,normal
2026-10-06 15:00:00,Sahibabad,28.68,77.36,29.155,47.97,35.894,8.488,0.455,56.934,29.58,37.359,16.675,11.237,normal
2026-10-06 16:00:00,Sahibabad,28.68,77.36,28.659,54.783,37.975,6.827,0.873,59.637,27.888,34.481,18.934,345.755,normal
2026-10-06 17:00:00,Sahibabad,28.68,77.36,38.16,70.418,43.364,14.573,0.601,58.551,26.675,43.232,12.723,310.77,normal
2026-10-06 18:00:00,Sahibabad,28.68,77.36,45.053,72.164,34.026,10.127,0.733,63.594,25.502,56.554,11.836,232.85,normal
2026-10-06 19:00:00,Sahibabad,28.68,77.36,45.45,73.85,35.806,11.247,0.767,59.846,25.259,55.262,12.847,333.021,normal
2026-10-06 20:00:00,Sahibabad,28.68,77.36,47.106,81.341,33.557,12.176,0.979,58.201,23.007,64.045,13.514,345.093,normal
2026-10-06 21:00:00,Sahibabad,28.68,77.36,48.678,80.022,31.886,10.243,0.836,40.75,18.255,66.225,10.412,265.897,normal
2026-10-06 22:00:00,Sahibabad,28.68,77.36,45.226,74.098,37.053,15.806,0.887,30.028,18.377,72.0,8.711,10.785,normal
2026-10-06 23:00:00,Sahibabad,28.68,77.36,44.914,76.277,39.254,11.095,0.731,43.758,15.613,76.797,6.983,292.66,normal
2026-10-07 00:00:00,Sahibabad,28.68,77.36,46.201,82.412,38.6,18.511,0.667,31.774,14.688,71.972,0.5,289.353,normal
2026-10-07 01:00:00,Sahibabad,28.68,77.36,44.779,80.241,37.449,13.73,0.694,37.099,13.097,75.927,0.5,301.826,normal
2026-10-07 02:00:00,Sahibabad,28.68,77.36,48.622,93.292,38.038,16.552,0.925,10.781,12.57,90.613,3.34,22.178,normal
2026-10-07 03:00:00,Sahibabad,28.68,77.36,49.672,95.067,39.544,14.61,0.871,20.157,11.357,87.849,2.203,244.649,normal
2026-10-07 04:00:00,Sahibabad,28.68,77.36,50.382,98.505,41.282,12.828,0.862,20.734,10.685,80.309,0.5,288.458,normal
2026-10-07 05:00:00,Sahibabad,28.68,77.36,48.299,91.007,40.339,15.997,1.194,25.75,10.72,80.683,2.2,338.583,normal
2026-10-07 06:00:00,Sahibabad,28.68,77.36,50.485,82.298,33.964,13.877,1.041,18.713,12.817,80.832,1.269,329.889,normal
2026-10-07 07:00:00,Sahibabad,28.68,77.36,48.151,80.073,32.958,16.569,0.842,19.53,17.482,74.062,2.031,257.827,normal
2026-10-07 08:00:00,Sahibabad,28.68,77.36,43.873,71.203,32.283,13.893,0.643,30.646,19.239,85.003,11.473,271.386,normal
2026-10-07 09:00:00,Sahibabad,28.68,77.36,43.314,69.559,31.776,15.559,1.005,34.34,21.212,65.962,7.957,304.56,normal
2026-10-07 10:00:00,Sahibabad,28.68,77.36,37.87,69.979,32.363,11.845,0.844,39.123,20.218,60.716,6.534,330.671,normal
2026-10-07 11:00:00,Sahibabad,28.68,77.36,31.49,65.98,27.038,17.239,0.469,53.072,24.863,56.725,10.152,16.485,normal
2026-10-07 12:00:00,Sahibabad,28.68,77.36,24.989,44.368,24.503,4.948,0.596,60.435,26.275,53.597,17.424,310.082,normal
2026-10-07 13:00:00,Sahibabad,28.68,77.36,24.721,39.84,25.36,15.405,0.584,53.373,25.674,43.406,13.345,337.582,normal
2026-10-07 14:00:00,Sahibabad,28.68,77.36,29.712,54.06,32.313,9.331,0.716,65.565,28.913,43.462,10.046,217.813,normal
2026-10-07 15:00:00,Sahibabad,28.68,77.36,26.206,42.086,24.398,16.928,0.678,55.251,28.328,48.374,18.77,272.06,normal
2026-10-07 16:00:00,Sahibabad,28.68,77.36,27.92,57.587,24.79,11.524,0.668,54.428,29.624,50.84,15.194,297.074,normal
2026-10-07 17:00:00,Sahibabad,28.68,77.36,32.415,53.698,27.223,16.221,0.584,63.981,28.305,49.548,15.148,270.31,normal
2026-10-07 18:00:00,Sahibabad,28.68,77.36,33.132,61.547,29.19,11.836,0.827,56.486,24.404,39.766,12.118,333.329,normal
2026-10-07 19:00:00,Sahibabad,28.68,77.36,38.835,74.822,35.005,16.279,0.66,59.042,23.974,58.401,10.916,296.012,normal
2026-10-07 20:00:00,Sahibabad,28.68,77.36,40.483,77.7,29.08,17.241,0.875,51.399,22.313,63.215,11.178,202.339,normal
2026-10-07 21:00:00,Sahibabad,28.68,77.36,41.159,70.275,40.299,15.212,0.632,45.977,19.933,63.961,9.518,261.279,normal
2026-10-07 22:00:00,Sahibabad,28.68,77.36,44.874,91.74,41.988,15.12,0.65,37.16,19.395,66.778,6.277,293.177,normal
2026-10-07 23:00:00,Sahibabad,28.68,77.36,50.66,84.909,38.108,13.739,0.629,35.328,14.997,81.982,3.909,242.078,normal
2026-10-05 00:00:00,Kaushambi,28.645,77.32,48.057,87.591,38.035,12.362,0.88,19.421,13.844,83.789,8.136,332.558,normal
2026-10-05 01:00:00,Kaushambi,28.645,77.32,55.942,117.043,40.903,16.315,0.877,15.13,11.813,85.697,0.5,240.628,normal
2026-10-05 02:00:00,Kaushambi,28.645,77.32,53.754,88.015,50.764,19.2,1.007,18.691,11.326,78.145,1.816,273.179,normal
2026-10-05 03:00:00,Kaushambi,28.645,77.32,60.177,97.171,36.122,18.414,1.055,12.903,12.144,92.578,0.5,299.191,normal
2026-10-05 04:00:00,Kaushambi,28.645,77.32,59.062,119.218,43.668,14.847,0.97,22.748,11.926,88.468,0.666,252.903,normal
2026-10-05 05:00:00,Kaushambi,28.645,77.32,58.766,116.359,31.279,19.978,0.856,14.307,15.242,84.158,0.5,300.789,normal
2026-10-05 06:00:00,Kaushambi,28.645,77.32,45.122,78.708,42.605,16.402,0.907,26.058,14.383,66.895,6.92,293.205,normal
2026-10-05 07:00:00,Kaushambi,28.645,77.32,53.204,90.263,34.422,16.807,0.874,26.859,15.739,76.755,3.204,324.802,normal
2026-10-05 08:00:00,Kaushambi,28.645,77.32,44.008,89.403,50.118,11.946,0.861,33.782,19.266,65.214,9.845,307.019,normal
2026-10-05 09:00:00,Kaushambi,28.645,77.32,48.168,94.105,39.487,14.898,0.992,44.712,19.602,63.731,7.25,296.276,normal
2026-10-05 10:00:00,Kaushambi,28.645,77.32,39.839,77.23,34.144,19.778,0.804,41.51,22.311,55.671,11.664,320.41,normal
2026-10-05 11:00:00,Kaushambi,28.645,77.32,34.84,63.058,35.432,11.272,0.801,48.703,25.779,41.178,12.233,286.771,normal
2026-10-05 12:00:00,Kaushambi,28.645,77.32,43.126,72.03,41.607,11.694,0.967,66.933,26.188,55.163,6.776,286.19,normal
2026-10-05 13:00:00,Kaushambi,28.645,77.32,38.117,78.091,34.17,10.441,0.918,60.268,28.191,48.731,11.716,324.026,normal
2026-10-05 14:00:00,Kaushambi,28.645,77.32,40.496,77.098,39.283,15.443,0.767,61.24,27.309,44.023,8.697,338.562,normal
2026-10-05 15:00:00,Kaushambi,28.645,77.32,40.744,68.098,32.207,12.88,0.681,68.17,25.855,50.735,13.43,251.381,normal
2026-10-05 16:00:00,Kaushambi,28.645,77.32,37.456,74.966,30.939,7.771,0.696,63.384,27.471,46.358,17.336,325.853,normal
2026-10-05 17:00:00,Kaushambi,28.645,77.32,41.862,71.12,28.993,15.957,0.951,57.62,27.336,43.127,13.071,289.9,normal
2026-10-05 18:00:00,Kaushambi,28.645,77.32,53.53,109.206,34.724,15.461,1.008,58.665,27.949,60.202,11.878,306.545,normal
2026-10-05 19:00:00,Kaushambi,28.645,77.32,52.294,85.531,41.53,18.792,1.072,61.923,22.875,60.224,13.83,355.362,normal
2026-10-05 20:00:00,Kaushambi,28.645,77.32,68.103,116.233,41.124,15.285,1.107,42.342,23.323,58.737,2.067,271.18,normal
2026-10-05 21:00:00,Kaushambi,28.645,77.32,65.532,136.114,48.001,15.244,1.086,37.937,20.61,63.549,3.416,246.922,normal
2026-10-05 22:00:00,Kaushambi,28.645,77.32,63.148,109.165,48.049,20.01,0.946,36.063,18.266,77.063,6.531,269.988,normal
2026-10-05 23:00:00,Kaushambi,28.645,77.32,63.821,108.413,36.291,19.153,0.835,31.946,15.962,73.225,1.75,319.186,normal
2026-10-06 00:00:00,Kaushambi,28.645,77.32,64.309,133.188,47.621,18.385,0.734,23.709,14.96,85.667,2.473,323.811,normal
2026-10-06 01:00:00,Kaushambi,28.645,77.32,56.71,102.726,43.74,16.771,0.886,18.407,13.407,76.437,3.044,349.519,normal
2026-10-06 02:00:00,Kaushambi,28.645,77.32,64.425,112.244,45.351,19.486,0.911,17.579,12.178,91.545,3.874,287.215,normal
2026-10-06 03:00:00,Kaushambi,28.645,77.32,58.515,101.238,44.857,22.137,0.875,10.569,11.526,84.356,5.189,349.13,normal
2026-10-06 04:00:00,Kaushambi,28.645,77.32,62.309,120.912,42.019,11.573,1.32,17.375,13.04,88.007,4.067,289.694,normal
2026-10-06 05:00:00,Kaushambi,28.645,77.32,56.719,110.606,40.582,17.777,0.86,15.568,12.424,82.03,2.442,247.904,normal
2026-10-06 06:00:00,Kaushambi,28.645,77.32,55.489,109.138,47.015,17.427,0.746,25.88,13.406,72.591,1.486,280.928,normal
2026-10-06 07:00:00,Kaushambi,28.645,77.32,51.415,85.122,36.586,19.658,0.822,35.65,17.799,79.182,10.049,313.704,normal
2026-10-06 08:00:00,Kaushambi,28.645,77.32,51.845,108.362,31.947,20.724,1.023,26.347,16.877,68.614,8.328,64.319,normal
2026-10-06 09:00:00,Kaushambi,28.645,77.32,46.715,76.559,45.578,11.522,1.014,43.699,20.587,54.427,5.812,261.143,normal
2026-10-06 10:00:00,Kaushambi,28.645,77.32,38.74,72.243,35.282,11.271,0.559,49.04,21.34,56.307,14.179,351.427,normal
2026-10-06 11:00:00,Kaushambi,28.645,77.32,35.949,70.4,39.238,12.086,0.654,50.702,23.96,48.516,9.958,337.97,normal
2026-10-06 12:00:00,Kaushambi,28.645,77.32,32.948,53.159,33.4,15.463,0.622,59.723,26.506,60.182,14.166,284.359,normal
2026-10-06 13:00:00,Kaushambi,28.645,77.32,29.094,53.046,30.813,12.802,0.812,68.482,26.987,49.517,14.24,328.667,normal
2026-10-06 14:00:00,Kaushambi,28.645,77.32,30.425,59.343,33.702,13.917,0.58,67.688,27.247,50.605,12.446,258.889,normal
2026-10-06 15:00:00,Kaushambi,28.645,77.32,33.534,57.397,44.45,12.918,0.615,52.667,27.052,50.358,7.518,258.169,normal
2026-10-06 16:00:00,Kaushambi,28.645,77.32,29.101,58.245,25.133,15.248,0.626,45.435,26.31,38.396,11.83,239.847,normal
2026-10-06 17:00:00,Kaushambi,28.645,77.32,31.816,60.9,23.812,18.647,0.765,54.225,27.541,52.058,17.163,273.588,normal
2026-10-06 18:00:00,Kaushambi,28.645,77.32,40.251,71.574,33.358,10.516,0.607,70.855,26.96,49.959,12.133,303.267,normal
2026-10-06 19:00:00,Kaushambi,28.645,77.32,37.538,63.162,39.893,14.362,0.606,63.097,23.89,46.675,14.833,222.099,normal
2026-10-06 20:00:00,Kaushambi,28.645,77.32,47.128,95.555,32.707,17.805,0.887,49.003,20.813,62.293,8.268,332.83,normal
2026-10-06 21:00:00,Kaushambi,28.645,77.32,47.33,87.245,31.552,13.979,0.699,30.198,21.448,64.849,8.814,316.613,normal
2026-10-06 22:00:00,Kaushambi,28.645,77.32,50.934,106.341,32.498,10.724,1.271,39.93,16.012,79.346,7.876,294.587,normal
2026-10-06 23:00:00,Kaushambi,28.645,77.32,47.265,90.334,43.695,19.703,0.731,20.237,16.146,66.654,6.014,297.855,normal
2026-10-07 00:00:00,Kaushambi,28.645,77.32,51.758,86.989,42.117,15.883,0.969,11.908,13.962,87.861,3.735,4.303,normal
2026-10-07 01:00:00,Kaushambi,28.645,77.32,48.124,79.866,34.2,18.042,0.961,18.584,15.388,80.086,2.189,283.798,normal
2026-10-07 02:00:00,Kaushambi,28.645,77.32,47.954,80.502,40.574,19.944,0.841,16.288,12.45,88.127,0.5,273.221,normal
2026-10-07 03:00:00,Kaushambi,28.645,77.32,43.275,81.684,32.969,8.955,0.723,18.157,11.865,78.938,4.622,282.688,normal
2026-10-07 04:00:00,Kaushambi,28.645,77.32,49.537,87.249,31.241,14.778,1.001,16.549,11.742,98.0,7.788,304.56,normal
2026-10-07 05:00:00,Kaushambi,28.645,77.32,48.064,77.606,44.586,14.941,0.959,20.119,14.226,83.597,3.442,248.586,normal
2026-10-07 06:00:00,Kaushambi,28.645,77.32,46.627,75.818,32.124,15.264,0.889,19.282,15.813,73.802,4.408,339.585,normal
2026-10-07 07:00:00,Kaushambi,28.645,77.32,49.417,84.722,29.161,15.279,0.851,28.247,13.538,73.339,5.29,238.214,normal
2026-10-07 08:00:00,Kaushambi,28.645,77.32,51.929,92.464,35.011,19.414,1.002,37.758,18.708,61.363,0.5,336.062,normal
2026-10-07 09:00:00,Kaushambi,28.645,77.32,50.596,87.666,40.143,11.361,0.895,48.503,20.443,66.902,6.786,74.862,normal
2026-10-07 10:00:00,Kaushambi,28.645,77.32,41.109,70.286,39.762,15.178,0.961,48.43,22.145,52.802,9.602,7.677,normal
2026-10-07 11:00:00,Kaushambi,28.645,77.32,35.124,68.924,33.794,6.321,0.956,49.484,26.131,53.821,12.838,350.116,normal
2026-10-07 12:00:00,Kaushambi,28.645,77.32,31.01,55.973,35.768,10.679,0.878,60.231,26.78,45.344,9.36,255.243,normal
2026-10-07 13:00:00,Kaushambi,28.645,77.32,30.601,56.422,34.145,16.822,0.681,70.744,26.904,55.27,12.429,336.2,normal
2026-10-07 14:00:00,Kaushambi,28.645,77.32,30.122,49.745,29.972,13.079,0.909,72.473,27.043,55.3,9.79,282.749,normal
2026-10-07 15:00:00,Kaushambi,28.645,77.32,24.667,49.987,21.688,7.921,0.75,58.638,26.009,44.952,16.997,336.96,normal
2026-10-07 16:00:00,Kaushambi,28.645,77.32,27.895,49.51,30.603,8.314,0.585,72.908,27.186,46.472,13.853,334.85,normal
2026-10-07 17:00:00,Kaushambi,28.645,77.32,26.758,54.326,27.947,12.726,0.549,61.722,25.486,47.632,17.003,285.254,normal
2026-10-07 18:00:00,Kaushambi,28.645,77.32,35.043,72.296,37.584,16.85,0.789,54.592,26.709,49.155,9.533,252.455,normal
2026-10-07 19:00:00,Kaushambi,28.645,77.32,35.418,64.669,26.991,9.082,0.856,48.728,23.342,55.4,11.898,287.093,normal
2026-10-07 20:00:00,Kaushambi,28.645,77.32,40.552,81.858,38.792,17.419,0.618,38.133,21.258,66.498,9.03,277.231,normal
2026-10-07 21:00:00,Kaushambi,28.645,77.32,37.914,66.838,24.244,13.79,1.069,45.93,21.807,66.529,8.279,318.968,normal
2026-10-07 22:00:00,Kaushambi,28.645,77.32,38.583,78.068,41.534,7.496,0.635,38.813,17.999,67.436,4.104,341.381,normal
2026-10-07 23:00:00,Kaushambi,28.645,77.32,38.619,72.611,35.094,13.191,0.752,24.107,15.211,81.879,4.249,295.961,normal
2026-10-05 00:00:00,Noida Sector 62,28.627,77.365,47.013,85.019,45.72,15.326,0.71,37.49,15.299,89.041,2.974,284.19,normal
2026-10-05 01:00:00,Noida Sector 62,28.627,77.365,43.362,77.646,33.799,13.114,0.743,4.046,13.453,86.57,5.07,330.492,normal
2026-10-05 02:00:00,Noida Sector 62,28.627,77.365,44.692,83.427,38.883,19.679,0.901,17.573,12.341,75.793,0.689,290.68,normal
2026-10-05 03:00:00,Noida Sector 62,28.627,77.365,44.35,86.72,33.023,17.299,0.876,3.634,12.981,96.027,6.067,316.483,normal
2026-10-05 04:00:00,Noida Sector 62,28.627,77.365,42.009,74.053,34.63,16.069,0.865,18.091,11.581,87.715,4.461,302.876,normal
2026-10-05 05:00:00,Noida Sector 62,28.627,77.365,42.403,77.578,33.13,10.411,0.856,24.736,13.618,81.623,4.015,304.219,normal
2026-10-05 06:00:00,Noida Sector 62,28.627,77.365,41.173,78.477,35.272,15.392,0.798,23.594,15.594,69.758,2.713,299.625,normal
2026-10-05 07:00:00,Noida Sector 62,28.627,77.365,43.687,81.766,30.993,14.108,0.859,14.834,16.081,58.868,0.9,349.147,normal
2026-10-05 08:00:00,Noida Sector 62,28.627,77.365,45.145,91.126,36.373,17.659,0.861,45.837,18.072,72.02,8.874,343.161,normal
2026-10-05 09:00:00,Noida Sector 62,28.627,77.365,41.431,85.746,42.495,11.319,0.877,27.921,20.442,67.529,10.396,346.888,normal
2026-10-05 10:00:00,Noida Sector 62,28.627,77.365,35.491,67.385,34.915,12.79,0.703,40.459,23.268,62.381,13.49,315.194,normal
2026-10-05 11:00:00,Noida Sector 62,28.627,77.365,35.206,70.046,32.129,8.605,0.641,61.972,24.293,58.34,9.42,255.482,normal
2026-10-05 12:00:00,Noida Sector 62,28.627,77.365,31.948,66.279,33.741,12.756,0.582,59.648,27.461,56.562,8.653,308.401,normal
2026-10-05 13:00:00,Noida Sector 62,28.627,77.365,24.106,46.381,31.297,14.194,0.505,44.035,26.967,47.553,14.804,341.85,normal
2026-10-05 14:00:00,Noida Sector 62,28.627,77.365,19.391,35.753,26.779,14.113,0.673,64.793,26.369,38.169,18.781,306.808,normal
2026-10-05 15:00:00,Noida Sector 62,28.627,77.365,21.708,35.744,27.078,12.524,0.699,67.523,28.488,37.103,14.904,324.52,normal
2026-10-05 16:00:00,Noida Sector 62,28.627,77.365,25.554,53.029,32.747,15.887,0.703,71.917,28.38,45.197,15.31,323.578,normal
2026-10-05 17:00:00,Noida Sector 62,28.627,77.365,27.867,57.719,32.49,13.234,0.843,70.454,27.65,47.505,11.766,286.637,normal
2026-10-05 18:00:00,Noida Sector 62,28.627,77.365,31.785,54.821,39.048,9.386,0.892,62.92,25.569,46.376,10.004,313.233,normal
2026-10-05 19:00:00,Noida Sector 62,28.627,77.365,33.759,55.25,27.064,12.622,0.971,53.437,22.946,50.975,12.188,275.185,normal
2026-10-05 20:00:00,Noida Sector 62,28.627,77.365,44.63,84.686,33.861,13.948,1.053,42.23,20.879,68.532,7.663,356.804,normal
2026-10-05 21:00:00,Noida Sector 62,28.627,77.365,46.525,94.078,31.812,12.854,0.812,45.187,19.471,69.022,4.929,290.958,normal
2026-10-05 22:00:00,Noida Sector 62,28.627,77.365,37.655,70.13,35.056,6.803,0.746,33.437,15.966,72.328,10.387,284.565,normal
2026-10-05 23:00:00,Noida Sector 62,28.627,77.365,41.821,81.782,28.142,13.034,0.693,36.509,17.1,78.031,3.747,20.494,normal
2026-10-06 00:00:00,Noida Sector 62,28.627,77.365,39.313,66.268,32.557,8.841,0.629,29.365,14.139,79.208,3.038,205.717,normal
2026-10-06 01:00:00,Noida Sector 62,28.627,77.365,44.913,72.174,43.371,16.706,0.703,4.719,14.658,83.983,0.5,241.936,normal
2026-10-06 02:00:00,Noida Sector 62,28.627,77.365,44.372,74.286,41.656,15.814,0.969,37.149,13.649,81.755,2.564,258.899,normal
2026-10-06 03:00:00,Noida Sector 62,28.627,77.365,48.1,99.178,33.361,14.557,0.882,15.513,12.284,92.746,0.5,314.992,normal
2026-10-06 04:00:00,Noida Sector 62,28.627,77.365,40.632,70.101,40.055,10.739,0.8,20.804,14.312,80.903,4.792,283.306,normal
2026-10-06 05:00:00,Noida Sector 62,28.627,77.365,45.403,78.673,37.025,12.005,0.767,5.29,13.324,85.972,2.349,304.277,normal
2026-10-06 06:00:00,Noida Sector 62,28.627,77.365,47.701,96.177,40.294,15.196,0.975,22.589,15.368,91.466,4.013,297.892,normal
2026-10-06 07:00:00,Noida Sector 62,28.627,77.365,51.733,90.718,42.881,12.967,0.621,22.153,17.182,88.968,0.64,316.73,normal
2026-10-06 08:00:00,Noida Sector 62,28.627,77.365,45.556,87.291,35.553,10.115,0.767,42.358,17.872,77.209,6.856,278.059,normal
2026-10-06 09:00:00,Noida Sector 62,28.627,77.365,45.27,77.507,31.979,7.925,0.876,36.458,19.547,81.193,10.325,312.911,normal
2026-10-06 10:00:00,Noida Sector 62,28.627,77.365,38.163,68.207,28.495,12.79,0.836,46.248,21.746,58.942,12.372,291.494,normal
2026-10-06 11:00:00,Noida Sector 62,28.627,77.365,37.056,67.649,41.09,9.446,0.699,34.618,26.348,62.025,15.444,319.035,normal
2026-10-06 12:00:00,Noida Sector 62,28.627,77.365,31.531,54.91,30.623,14.702,0.673,54.881,25.806,50.405,13.685,329.533,normal
2026-10-06 13:00:00,Noida Sector 62,28.627,77.365,33.572,54.587,34.494,10.394,0.614,82.348,27.607,60.261,14.409,286.558,normal
2026-10-06 14:00:00,Noida Sector 62,28.627,77.365,31.578,51.979,29.332,16.295,0.783,69.192,26.167,52.075,16.21,318.195,normal
2026-10-06 15:00:00,Noida Sector 62,28.627,77.365,32.256,62.594,30.364,20.513,0.758,62.193,28.685,48.284,12.037,332.932,normal
2026-10-06 16:00:00,Noida Sector 62,28.627,77.365,33.752,61.647,29.053,10.141,0.703,71.499,28.692,58.493,14.929,285.255,normal
2026-10-06 17:00:00,Noida Sector 62,28.627,77.365,27.044,55.747,25.107,7.336,0.653,56.999,26.988,31.59,13.942,343.097,normal
2026-10-06 18:00:00,Noida Sector 62,28.627,77.365,35.941,74.123,32.024,9.272,0.805,58.935,24.636,55.434,14.809,334.203,normal
2026-10-06 19:00:00,Noida Sector 62,28.627,77.365,39.157,70.775,27.572,14.227,0.687,59.165,23.734,54.881,12.179,318.489,normal
2026-10-06 20:00:00,Noida Sector 62,28.627,77.365,45.679,83.416,35.985,9.316,0.898,53.211,21.753,57.452,7.358,314.282,normal
2026-10-06 21:00:00,Noida Sector 62,28.627,77.365,45.083,80.932,34.503,13.899,0.982,63.862,18.607,62.46,7.569,342.75,normal
2026-10-06 22:00:00,Noida Sector 62,28.627,77.365,44.399,76.697,32.086,10.172,0.83,20.78,17.863,56.562,2.506,284.849,normal
2026-10-06 23:00:00,Noida Sector 62,28.627,77.365,49.48,86.021,29.304,13.968,0.969,28.099,16.187,76.193,4.728,306.963,normal
2026-10-07 00:00:00,Noida Sector 62,28.627,77.365,50.723,81.946,34.333,13.879,0.879,28.885,13.249,74.393,2.302,316.062,normal
2026-10-07 01:00:00,Noida Sector 62,28.627,77.365,54.138,95.983,45.609,16.566,1.112,25.139,13.609,85.996,4.557,268.54,normal
2026-10-07 02:00:00,Noida Sector 62,28.627,77.365,46.936,89.917,43.797,14.873,0.867,24.262,12.631,80.171,9.371,324.141,normal
2026-10-07 03:00:00,Noida Sector 62,28.627,77.365,55.484,108.435,34.935,13.246,1.116,8.403,13.425,91.856,3.752,289.112,normal
2026-10-07 04:00:00,Noida Sector 62,28.627,77.365,56.234,91.65,44.68,10.686,0.913,11.233,11.037,76.319,0.788,258.132,normal
2026-10-07 05:00:00,Noida Sector 62,28.627,77.365,57.391,116.414,43.179,19.784,0.895,26.794,13.468,91.627,4.744,250.554,normal
2026-10-07 06:00:00,Noida Sector 62,28.627,77.365,60.751,113.149,46.295,14.159,1.125,33.39,14.765,80.238,0.5,240.451,normal
2026-10-07 07:00:00,Noida Sector 62,28.627,77.365,51.923,90.844,38.194,10.139,1.055,17.904,15.907,70.061,4.18,271.242,normal
2026-10-07 08:00:00,Noida Sector 62,28.627,77.365,53.638,90.355,35.137,20.879,1.031,18.601,18.838,76.448,7.16,225.333,normal
2026-10-07 09:00:00,Noida Sector 62,28.627,77.365,47.529,80.037,37.133,18.756,1.038,44.714,18.992,63.679,9.333,287.389,normal
2026-10-07 10:00:00,Noida Sector 62,28.627,77.365,41.461,79.931,32.588,18.99,0.582,49.446,24.219,62.08,12.321,270.277,normal
2026-10-07 11:00:00,Noida Sector 62,28.627,77.365,35.982,73.679,46.737,14.552,0.694,49.76,23.458,55.277,14.293,249.701,normal
2026-10-07 12:00:00,Noida Sector 62,28.627,77.365,33.105,56.4,28.623,15.381,0.674,67.496,26.696,40.045,10.369,349.172,normal
2026-10-07 13:00:00,Noida Sector 62,28.627,77.365,36.401,65.115,39.27,15.39,0.651,67.467,27.326,53.514,10.551,271.63,normal
2026-10-07 14:00:00,Noida Sector 62,28.627,77.365,29.553,55.002,33.919,15.666,0.709,76.884,26.722,45.172,14.538,20.047,normal
2026-10-07 15:00:00,Noida Sector 62,28.627,77.365,34.139,67.244,34.888,9.947,0.717,63.346,29.339,44.971,9.618,238.458,normal
2026-10-07 16:00:00,Noida Sector 62,28.627,77.365,34.289,62.185,39.811,17.465,0.715,72.26,27.522,48.122,14.517,351.421,normal
2026-10-07 17:00:00,Noida Sector 62,28.627,77.365,36.477,75.514,34.413,15.383,0.711,59.725,27.315,40.911,8.552,304.948,normal
2026-10-07 18:00:00,Noida Sector 62,28.627,77.365,37.071,71.884,29.138,13.131,0.794,75.721,24.508,44.385,12.73,336.016,normal
2026-10-07 19:00:00,Noida Sector 62,28.627,77.365,44.131,78.226,35.87,9.138,0.755,63.522,23.89,56.536,10.766,251.123,normal
2026-10-07 20:00:00,Noida Sector 62,28.627,77.365,44.165,78.483,37.286,14.038,0.843,32.128,22.325,61.435,10.443,294.389,normal
2026-10-07 21:00:00,Noida Sector 62,28.627,77.365,42.892,88.261,39.13,17.155,0.945,35.836,19.01,64.635,8.995,2.85,normal
2026-10-07 22:00:00,Noida Sector 62,28.627,77.365,46.48,86.989,39.988,18.954,0.94,32.569,17.832,67.408,7.69,4.804,normal
2026-10-07 23:00:00,Noida Sector 62,28.627,77.365,43.308,75.811,30.213,12.057,0.873,22.748,15.379,64.351,7.48,330.309,normal
2026-10-05 00:00:00,Muradnagar (KIET),28.777,77.509,30.762,51.913,34.921,17.488,0.681,8.926,13.798,69.444,3.491,323.911,normal
2026-10-05 01:00:00,Muradnagar (KIET),28.777,77.509,33.506,58.109,20.256,17.96,0.653,11.85,14.556,75.052,2.269,358.687,normal
2026-10-05 02:00:00,Muradnagar (KIET),28.777,77.509,31.811,58.97,37.387,11.421,0.615,2.0,12.165,75.707,0.5,276.446,normal
2026-10-05 03:00:00,Muradnagar (KIET),28.777,77.509,35.866,58.38,27.251,13.749,0.792,5.943,12.368,94.036,1.784,284.583,normal
2026-10-05 04:00:00,Muradnagar (KIET),28.777,77.509,34.213,60.878,30.897,16.516,0.742,14.291,13.495,93.146,2.774,327.795,normal
2026-10-05 05:00:00,Muradnagar (KIET),28.777,77.509,34.975,68.049,27.498,10.208,0.866,35.825,12.167,77.108,0.5,331.649,normal
2026-10-05 06:00:00,Muradnagar (KIET),28.777,77.509,37.149,77.57,31.85,16.853,0.826,12.621,13.845,83.213,3.657,327.89,normal
2026-10-05 07:00:00,Muradnagar (KIET),28.777,77.509,33.487,53.585,36.724,11.01,0.789,37.972,17.338,73.526,6.473,330.867,normal
2026-10-05 08:00:00,Muradnagar (KIET),28.777,77.509,39.03,68.979,44.575,11.518,0.641,36.839,18.008,78.096,5.669,291.355,normal
2026-10-05 09:00:00,Muradnagar (KIET),28.777,77.509,34.77,70.034,26.364,10.777,0.882,33.97,21.302,76.622,9.654,315.476,normal
2026-10-05 10:00:00,Muradnagar (KIET),28.777,77.509,28.323,59.007,34.461,13.302,0.639,24.73,21.446,53.449,10.978,220.118,normal
2026-10-05 11:00:00,Muradnagar (KIET),28.777,77.509,28.281,45.827,31.322,12.26,0.806,50.699,23.658,50.781,5.595,305.98,normal
2026-10-05 12:00:00,Muradnagar (KIET),28.777,77.509,22.538,38.834,32.699,13.576,0.661,52.292,26.825,41.373,10.425,357.085,normal
2026-10-05 13:00:00,Muradnagar (KIET),28.777,77.509,21.537,35.722,24.42,12.415,0.622,79.87,29.201,54.399,15.351,284.433,normal
2026-10-05 14:00:00,Muradnagar (KIET),28.777,77.509,20.211,41.223,30.827,13.887,0.671,56.747,26.424,46.994,12.905,316.481,normal
2026-10-05 15:00:00,Muradnagar (KIET),28.777,77.509,19.037,36.99,23.942,12.427,0.659,67.406,29.816,38.323,17.591,277.776,normal
2026-10-05 16:00:00,Muradnagar (KIET),28.777,77.509,29.276,58.736,36.932,10.421,0.763,58.617,27.735,54.092,9.695,346.034,normal
2026-10-05 17:00:00,Muradnagar (KIET),28.777,77.509,28.199,48.806,32.471,5.829,0.602,62.278,28.059,41.399,10.194,11.711,normal
2026-10-05 18:00:00,Muradnagar (KIET),28.777,77.509,27.204,55.771,39.789,10.918,0.614,63.54,25.476,45.315,15.82,289.692,normal
2026-10-05 19:00:00,Muradnagar (KIET),28.777,77.509,33.574,65.667,27.932,16.324,0.819,43.569,24.457,57.461,12.988,271.308,normal
2026-10-05 20:00:00,Muradnagar (KIET),28.777,77.509,34.062,64.51,35.893,12.593,0.937,50.111,23.816,49.859,8.314,288.192,normal
2026-10-05 21:00:00,Muradnagar (KIET),28.777,77.509,38.217,65.885,30.545,17.928,0.729,36.528,22.241,60.515,6.616,321.307,normal
2026-10-05 22:00:00,Muradnagar (KIET),28.777,77.509,41.63,74.781,38.678,14.44,1.024,30.795,18.372,75.055,11.084,257.075,normal
2026-10-05 23:00:00,Muradnagar (KIET),28.777,77.509,42.545,77.742,38.612,16.331,0.899,29.143,15.341,65.205,4.281,264.419,normal
2026-10-06 00:00:00,Muradnagar (KIET),28.777,77.509,47.864,87.917,38.747,17.499,0.93,33.841,14.325,81.889,0.5,247.726,normal
2026-10-06 01:00:00,Muradnagar (KIET),28.777,77.509,45.133,79.991,37.575,13.764,0.976,29.227,10.098,92.282,6.727,286.759,normal
2026-10-06 02:00:00,Muradnagar (KIET),28.777,77.509,51.473,104.668,48.025,17.266,0.93,7.163,14.086,86.945,0.5,349.013,normal
2026-10-06 03:00:00,Muradnagar (KIET),28.777,77.509,51.32,85.785,41.161,14.549,0.813,13.511,12.632,87.039,0.5,337.279,normal
2026-10-06 04:00:00,Muradnagar (KIET),28.777,77.509,50.832,82.459,41.502,15.579,0.977,22.442,12.027,87.804,0.5,297.601,normal
2026-10-06 05:00:00,Muradnagar (KIET),28.777,77.509,42.968,89.493,35.476,17.944,0.868,19.66,12.88,80.334,7.462,304.182,normal
2026-10-06 06:00:00,Muradnagar (KIET),28.777,77.509,50.621,101.948,43.45,13.515,0.823,19.556,13.443,80.547,3.174,321.699,normal
2026-10-06 07:00:00,Muradnagar (KIET),28.777,77.509,52.364,106.686,40.228,11.129,0.861,26.43,17.139,79.266,0.722,275.859,normal
2026-10-06 08:00:00,Muradnagar (KIET),28.777,77.509,45.278,84.657,43.612,12.927,1.02,32.709,17.756,70.926,8.653,280.913,normal
2026-10-06 09:00:00,Muradnagar (KIET),28.777,77.509,45.921,92.318,37.406,11.405,0.782,37.233,20.526,70.694,10.191,205.833,normal
2026-10-06 10:00:00,Muradnagar (KIET),28.777,77.509,44.813,93.975,37.604,9.355,0.935,32.533,21.583,61.843,6.643,277.389,normal
2026-10-06 11:00:00,Muradnagar (KIET),28.777,77.509,30.817,60.943,32.699,18.013,0.875,44.445,23.553,48.297,15.544,344.292,normal
2026-10-06 12:00:00,Muradnagar (KIET),28.777,77.509,33.213,67.839,25.528,14.464,0.863,52.084,26.138,47.09,7.604,273.133,normal
2026-10-06 13:00:00,Muradnagar (KIET),28.777,77.509,26.116,48.701,21.475,11.414,0.618,52.062,27.496,43.908,14.495,295.918,normal
2026-10-06 14:00:00,Muradnagar (KIET),28.777,77.509,24.666,41.744,32.636,13.596,0.594,76.777,27.986,43.129,17.759,327.722,normal
2026-10-06 15:00:00,Muradnagar (KIET),28.777,77.509,24.365,40.77,25.125,13.805,0.586,69.268,27.453,44.877,18.832,312.453,normal
2026-10-06 16:00:00,Muradnagar (KIET),28.777,77.509,24.022,41.823,27.696,10.682,0.782,68.043,26.207,34.55,16.193,310.382,normal
2026-10-06 17:00:00,Muradnagar (KIET),28.777,77.509,35.235,72.086,32.878,10.617,0.931,60.849,27.097,54.591,11.252,212.85,normal
2026-10-06 18:00:00,Muradnagar (KIET),28.777,77.509,34.626,71.921,33.188,10.227,0.843,67.209,25.229,53.469,13.276,30.161,normal
2026-10-06 19:00:00,Muradnagar (KIET),28.777,77.509,39.805,81.388,28.893,9.538,0.94,47.476,23.313,54.399,8.666,4.887,normal
2026-10-06 20:00:00,Muradnagar (KIET),28.777,77.509,37.564,71.475,28.126,8.879,0.781,57.612,24.596,62.993,12.767,274.489,normal
2026-10-06 21:00:00,Muradnagar (KIET),28.777,77.509,37.854,66.734,32.905,19.402,0.887,41.974,19.877,63.095,10.09,267.195,normal
2026-10-06 22:00:00,Muradnagar (KIET),28.777,77.509,38.595,77.579,33.362,11.715,0.825,33.605,16.471,72.833,10.477,285.768,normal
2026-10-06 23:00:00,Muradnagar (KIET),28.777,77.509,42.108,87.103,39.398,13.476,0.871,21.682,15.841,77.838,5.62,309.401,normal
2026-10-07 00:00:00,Muradnagar (KIET),28.777,77.509,45.303,81.099,36.249,16.181,0.937,32.134,13.911,78.53,2.993,10.511,normal
2026-10-07 01:00:00,Muradnagar (KIET),28.777,77.509,45.389,93.737,40.08,13.385,0.61,9.237,12.826,80.844,6.456,315.371,normal
2026-10-07 02:00:00,Muradnagar (KIET),28.777,77.509,50.868,92.872,37.291,15.094,0.83,26.824,12.917,88.963,0.5,319.279,normal
2026-10-07 03:00:00,Muradnagar (KIET),28.777,77.509,47.372,93.403,43.827,11.096,0.938,2.0,10.423,90.224,3.693,323.222,normal
2026-10-07 04:00:00,Muradnagar (KIET),28.777,77.509,46.189,95.184,41.976,14.606,0.775,8.284,12.917,87.12,2.345,284.978,normal
2026-10-07 05:00:00,Muradnagar (KIET),28.777,77.509,47.293,85.173,38.399,15.324,0.965,12.974,13.676,84.364,5.62,356.177,normal
2026-10-07 06:00:00,Muradnagar (KIET),28.777,77.509,50.863,103.477,32.074,10.531,1.103,16.004,13.565,87.493,4.146,339.716,normal
2026-10-07 07:00:00,Muradnagar (KIET),28.777,77.509,47.047,85.013,32.519,13.61,1.012,25.301,14.828,77.409,6.226,359.165,normal
2026-10-07 08:00:00,Muradnagar (KIET),28.777,77.509,49.588,92.865,40.842,14.219,0.714,32.73,18.873,63.082,3.09,293.328,normal
2026-10-07 09:00:00,Muradnagar (KIET),28.777,77.509,46.176,92.974,39.958,15.986,0.809,35.042,19.903,61.867,6.302,293.948,normal
2026-10-07 10:00:00,Muradnagar (KIET),28.777,77.509,47.838,97.698,30.537,12.002,0.988,46.49,22.256,64.363,8.716,248.941,normal
2026-10-07 11:00:00,Muradnagar (KIET),28.777,77.509,38.109,77.974,36.394,10.635,0.783,50.686,24.1,51.415,12.808,353.286,normal
2026-10-07 12:00:00,Muradnagar (KIET),28.777,77.509,40.452,84.169,37.71,19.585,0.987,72.27,27.241,59.183,11.59,326.449,normal
2026-10-07 13:00:00,Muradnagar (KIET),28.777,77.509,33.45,66.797,45.417,16.613,0.649,74.951,25.787,54.02,12.502,332.354,normal
2026-10-07 14:00:00,Muradnagar (KIET),28.777,77.509,24.573,51.496,29.376,17.76,0.625,59.246,28.71,40.596,17.755,285.271,normal
2026-10-07 15:00:00,Muradnagar (KIET),28.777,77.509,26.998,53.89,33.737,15.472,0.686,61.718,27.975,36.728,15.388,286.44,normal
2026-10-07 16:00:00,Muradnagar (KIET),28.777,77.509,32.551,62.701,25.105,12.905,0.813,50.078,26.082,47.193,12.977,271.878,normal
2026-10-07 17:00:00,Muradnagar (KIET),28.777,77.509,29.739,58.665,29.653,16.455,0.564,52.502,26.591,35.941,14.731,332.541,normal
2026-10-07 18:00:00,Muradnagar (KIET),28.777,77.509,39.651,77.568,31.817,13.47,0.954,61.151,26.678,49.677,10.266,286.447,normal
2026-10-07 19:00:00,Muradnagar (KIET),28.777,77.509,42.282,67.659,40.156,13.494,0.966,58.5,24.816,64.331,13.658,276.108,normal
2026-10-07 20:00:00,Muradnagar (KIET),28.777,77.509,40.991,66.644,36.863,16.585,0.868,35.197,21.532,51.646,10.055,285.14,normal
2026-10-07 21:00:00,Muradnagar (KIET),28.777,77.509,40.596,69.251,31.869,14.974,0.67,29.24,20.202,55.02,10.123,337.245,normal
2026-10-07 22:00:00,Muradnagar (KIET),28.777,77.509,48.835,89.853,34.57,16.086,1.219,22.718,18.501,70.941,3.307,256.078,normal
2026-10-07 23:00:00,Muradnagar (KIET),28.777,77.509,43.419,86.396,39.412,17.686,0.826,26.932,15.44,70.425,4.409,291.358,normal
2026-10-05 00:00:00,Indirapuram,28.646,77.369,72.248,140.738,45.863,16.075,1.064,31.847,15.469,63.222,4.241,269.536,moderate_to_poor
2026-10-05 01:00:00,Indirapuram,28.646,77.369,87.901,157.039,47.927,13.128,0.824,21.297,13.633,84.087,2.922,216.339,moderate_to_poor
2026-10-05 02:00:00,Indirapuram,28.646,77.369,98.874,197.812,47.917,14.414,1.002,21.591,12.781,89.37,0.5,245.788,moderate_to_poor
2026-10-05 03:00:00,Indirapuram,28.646,77.369,102.044,203.725,56.458,15.292,1.102,5.454,12.384,89.978,3.232,245.859,moderate_to_poor
2026-10-05 04:00:00,Indirapuram,28.646,77.369,90.498,171.707,47.08,13.684,1.005,7.173,13.618,80.994,4.866,280.483,moderate_to_poor
2026-10-05 05:00:00,Indirapuram,28.646,77.369,101.074,164.551,41.589,14.999,1.073,22.565,13.237,82.777,0.5,282.362,moderate_to_poor
2026-10-05 06:00:00,Indirapuram,28.646,77.369,96.548,196.284,50.394,16.726,0.911,13.542,15.961,80.381,2.818,300.81,moderate_to_poor
2026-10-05 07:00:00,Indirapuram,28.646,77.369,101.607,198.075,49.684,13.291,1.069,28.493,16.953,79.423,4.512,342.68,moderate_to_poor
2026-10-05 08:00:00,Indirapuram,28.646,77.369,106.621,192.028,49.893,14.591,1.153,33.592,17.775,74.006,3.978,20.252,moderate_to_poor
2026-10-05 09:00:00,Indirapuram,28.646,77.369,98.38,161.825,44.513,16.121,1.25,44.508,18.092,65.247,6.647,291.38,moderate_to_poor
2026-10-05 10:00:00,Indirapuram,28.646,77.369,95.333,186.819,45.768,20.528,1.333,56.179,21.739,70.936,9.113,311.022,moderate_to_poor
2026-10-05 11:00:00,Indirapuram,28.646,77.369,73.612,121.398,38.213,15.008,1.242,51.965,22.762,59.132,14.875,342.177,moderate_to_poor
2026-10-05 12:00:00,Indirapuram,28.646,77.369,55.679,110.324,33.615,13.999,0.737,50.747,26.132,43.714,17.429,268.728,moderate_to_poor
2026-10-05 13:00:00,Indirapuram,28.646,77.369,63.778,124.348,34.821,14.734,1.023,59.199,25.68,52.372,14.808,296.038,moderate_to_poor
2026-10-05 14:00:00,Indirapuram,28.646,77.369,67.952,117.389,33.515,10.34,0.823,71.311,27.555,46.71,11.251,264.903,moderate_to_poor
2026-10-05 15:00:00,Indirapuram,28.646,77.369,73.208,118.39,37.778,13.779,1.03,64.723,26.683,52.136,9.849,349.589,moderate_to_poor
2026-10-05 16:00:00,Indirapuram,28.646,77.369,61.993,119.722,35.581,9.79,0.953,62.648,27.581,42.868,13.19,290.259,moderate_to_poor
2026-10-05 17:00:00,Indirapuram,28.646,77.369,73.212,142.453,37.31,13.817,0.738,70.353,27.018,51.819,14.431,316.25,moderate_to_poor
2026-10-05 18:00:00,Indirapuram,28.646,77.369,93.892,182.039,55.545,10.575,1.264,69.422,24.376,55.498,8.932,34.512,moderate_to_poor
2026-10-05 19:00:00,Indirapuram,28.646,77.369,89.349,178.158,47.875,13.126,1.318,48.647,23.441,62.294,14.548,288.052,moderate_to_poor
2026-10-05 20:00:00,Indirapuram,28.646,77.369,87.842,179.569,53.598,19.456,0.931,48.75,19.911,54.67,12.025,303.765,moderate_to_poor
2026-10-05 21:00:00,Indirapuram,28.646,77.369,100.718,170.815,43.723,17.23,1.121,29.569,19.931,73.226,8.336,334.413,moderate_to_poor
2026-10-05 22:00:00,Indirapuram,28.646,77.369,94.036,155.152,41.797,17.009,1.344,26.34,19.721,57.817,3.087,350.777,moderate_to_poor
2026-10-05 23:00:00,Indirapuram,28.646,77.369,87.658,150.563,34.585,15.593,1.112,21.188,16.481,65.78,5.951,283.041,moderate_to_poor
2026-10-06 00:00:00,Indirapuram,28.646,77.369,96.595,198.942,47.588,19.078,1.073,16.644,14.591,77.605,0.649,317.756,moderate_to_poor
2026-10-06 01:00:00,Indirapuram,28.646,77.369,100.008,206.194,44.336,20.404,1.142,24.762,14.662,92.284,5.322,335.065,moderate_to_poor
2026-10-06 02:00:00,Indirapuram,28.646,77.369,112.291,230.123,58.543,14.808,1.169,17.369,12.173,85.52,0.5,327.877,moderate_to_poor
2026-10-06 03:00:00,Indirapuram,28.646,77.369,92.227,185.855,40.835,17.52,1.225,12.375,11.433,67.139,3.915,282.185,moderate_to_poor
2026-10-06 04:00:00,Indirapuram,28.646,77.369,105.462,192.206,46.591,16.896,1.342,2.0,11.375,86.241,1.486,289.135,moderate_to_poor
2026-10-06 05:00:00,Indirapuram,28.646,77.369,102.547,170.825,59.171,6.922,0.949,28.557,13.041,79.46,0.5,266.698,moderate_to_poor
2026-10-06 06:00:00,Indirapuram,28.646,77.369,99.704,160.664,45.921,11.754,0.775,43.041,13.868,82.636,6.239,266.986,moderate_to_poor
2026-10-06 07:00:00,Indirapuram,28.646,77.369,108.648,188.056,45.655,20.973,0.977,24.598,15.326,79.741,6.777,311.81,moderate_to_poor
2026-10-06 08:00:00,Indirapuram,28.646,77.369,105.808,202.205,54.25,21.483,0.883,30.503,18.451,71.476,3.056,307.844,moderate_to_poor
2026-10-06 09:00:00,Indirapuram,28.646,77.369,88.712,168.578,45.957,11.216,1.028,33.58,21.676,64.458,9.252,228.34,moderate_to_poor
2026-10-06 10:00:00,Indirapuram,28.646,77.369,92.75,181.689,48.239,13.996,1.081,36.392,21.735,66.192,6.218,317.158,moderate_to_poor
2026-10-06 11:00:00,Indirapuram,28.646,77.369,71.862,118.639,44.264,19.952,0.964,62.528,23.483,58.032,11.402,317.071,moderate_to_poor
2026-10-06 12:00:00,Indirapuram,28.646,77.369,65.344,126.389,48.033,13.426,0.608,71.648,25.782,52.73,11.742,327.547,moderate_to_poor
2026-10-06 13:00:00,Indirapuram,28.646,77.369,57.967,108.108,29.318,15.044,1.082,69.029,27.351,45.172,10.817,277.156,moderate_to_poor
2026-10-06 14:00:00,Indirapuram,28.646,77.369,51.262,103.377,28.887,17.867,0.68,58.371,27.708,43.555,15.562,217.82,moderate_to_poor
2026-10-06 15:00:00,Indirapuram,28.646,77.369,49.833,99.294,34.529,11.208,0.713,68.971,27.911,41.881,14.118,6.516,moderate_to_poor
2026-10-06 16:00:00,Indirapuram,28.646,77.369,62.027,128.627,45.058,18.186,0.882,61.427,28.691,45.534,9.834,278.817,moderate_to_poor
2026-10-06 17:00:00,Indirapuram,28.646,77.369,73.701,141.782,42.738,17.146,1.002,72.454,26.886,45.579,5.975,171.303,moderate_to_poor
2026-10-06 18:00:00,Indirapuram,28.646,77.369,78.196,132.458,31.075,13.341,0.96,69.143,24.355,52.146,10.905,309.542,moderate_to_poor
2026-10-06 19:00:00,Indirapuram,28.646,77.369,88.066,153.986,44.891,16.248,1.084,41.126,24.508,51.832,6.684,330.709,moderate_to_poor
2026-10-06 20:00:00,Indirapuram,28.646,77.369,81.644,168.116,51.271,12.454,0.947,47.981,22.648,62.933,12.531,257.782,moderate_to_poor
2026-10-06 21:00:00,Indirapuram,28.646,77.369,73.166,123.526,56.289,16.874,1.158,52.585,19.615,60.591,13.244,320.417,moderate_to_poor
2026-10-06 22:00:00,Indirapuram,28.646,77.369,92.268,175.709,49.203,17.159,0.751,28.277,16.984,68.821,3.718,303.539,moderate_to_poor
2026-10-06 23:00:00,Indirapuram,28.646,77.369,100.739,209.411,41.858,13.036,1.046,34.811,14.488,75.544,0.5,294.961,moderate_to_poor
2026-10-07 00:00:00,Indirapuram,28.646,77.369,93.267,150.516,46.708,19.186,1.318,26.663,15.592,85.381,4.375,272.011,moderate_to_poor
2026-10-07 01:00:00,Indirapuram,28.646,77.369,83.443,140.473,49.02,13.389,0.908,27.672,13.791,76.309,1.538,6.746,moderate_to_poor
2026-10-07 02:00:00,Indirapuram,28.646,77.369,86.855,156.159,40.388,10.143,0.891,2.0,12.976,83.024,4.237,289.878,moderate_to_poor
2026-10-07 03:00:00,Indirapuram,28.646,77.369,95.844,199.279,42.164,11.487,0.971,12.78,13.087,93.502,1.687,334.001,moderate_to_poor
2026-10-07 04:00:00,Indirapuram,28.646,77.369,92.791,156.61,58.116,13.836,1.167,16.751,10.803,85.954,0.858,273.872,moderate_to_poor
2026-10-07 05:00:00,Indirapuram,28.646,77.369,100.346,174.228,51.212,15.483,1.27,33.646,12.541,86.338,3.188,338.947,moderate_to_poor
2026-10-07 06:00:00,Indirapuram,28.646,77.369,99.488,173.861,54.024,15.062,1.082,18.195,14.089,67.816,0.5,306.274,moderate_to_poor
2026-10-07 07:00:00,Indirapuram,28.646,77.369,105.696,205.599,34.636,10.417,0.942,38.167,15.595,73.274,5.671,8.622,moderate_to_poor
2026-10-07 08:00:00,Indirapuram,28.646,77.369,122.451,207.943,43.805,15.629,0.926,43.901,17.908,63.401,2.918,274.207,moderate_to_poor
2026-10-07 09:00:00,Indirapuram,28.646,77.369,119.28,212.761,32.588,12.794,0.995,37.488,19.286,61.128,7.017,318.762,moderate_to_poor
2026-10-07 10:00:00,Indirapuram,28.646,77.369,114.991,235.024,48.153,12.753,0.947,46.857,23.216,58.829,10.057,278.936,moderate_to_poor
2026-10-07 11:00:00,Indirapuram,28.646,77.369,119.258,195.124,45.632,13.867,1.397,47.48,22.965,85.0,2.0,242.494,moderate_to_poor
2026-10-07 12:00:00,Indirapuram,28.646,77.369,105.229,176.826,50.629,13.116,0.968,68.209,24.669,85.0,2.0,264.32,moderate_to_poor
2026-10-07 13:00:00,Indirapuram,28.646,77.369,113.313,194.158,52.114,17.233,0.854,49.597,25.916,85.0,2.0,272.364,moderate_to_poor
2026-10-07 14:00:00,Indirapuram,28.646,77.369,106.892,175.385,56.185,17.921,0.712,47.535,28.357,85.0,2.0,5.839,moderate_to_poor
2026-10-07 15:00:00,Indirapuram,28.646,77.369,103.7,195.646,54.347,14.975,1.061,86.213,27.656,85.0,2.0,286.45,moderate_to_poor
2026-10-07 16:00:00,Indirapuram,28.646,77.369,103.107,194.422,46.364,10.421,0.977,60.143,26.624,85.0,2.0,281.828,moderate_to_poor
2026-10-07 17:00:00,Indirapuram,28.646,77.369,110.338,186.156,57.17,10.651,1.193,49.97,25.722,85.0,2.0,336.395,moderate_to_poor
2026-10-07 18:00:00,Indirapuram,28.646,77.369,151.818,298.454,49.396,14.341,1.182,71.283,24.934,85.0,2.0,21.059,moderate_to_poor
2026-10-07 19:00:00,Indirapuram,28.646,77.369,163.696,341.093,59.456,12.982,1.27,41.463,23.418,85.0,2.0,336.562,moderate_to_poor
2026-10-07 20:00:00,Indirapuram,28.646,77.369,148.429,240.732,47.146,16.633,1.358,59.18,21.652,85.0,2.0,352.218,moderate_to_poor
2026-10-07 21:00:00,Indirapuram,28.646,77.369,149.245,294.261,55.2,12.494,1.219,48.422,20.645,85.0,2.0,263.012,moderate_to_poor
2026-10-07 22:00:00,Indirapuram,28.646,77.369,141.343,272.796,51.035,14.347,1.103,34.786,20.081,85.0,2.0,302.247,moderate_to_poor
2026-10-07 23:00:00,Indirapuram,28.646,77.369,168.548,289.836,70.388,19.337,1.303,20.017,15.914,85.0,2.0,201.78,moderate_to_poor
2026-10-05 00:00:00,Vasundhara,28.66,77.37,74.33,140.984,41.321,14.744,0.767,25.209,15.538,77.121,3.545,307.272,moderate_to_poor
2026-10-05 01:00:00,Vasundhara,28.66,77.37,77.687,154.689,46.304,13.117,0.874,13.336,14.505,78.869,0.666,288.001,moderate_to_poor
2026-10-05 02:00:00,Vasundhara,28.66,77.37,87.256,146.268,46.26,11.492,1.003,23.511,11.198,95.11,2.362,266.262,moderate_to_poor
2026-10-05 03:00:00,Vasundhara,28.66,77.37,76.241,140.427,41.332,13.85,0.821,17.333,12.356,80.048,2.657,345.057,moderate_to_poor
2026-10-05 04:00:00,Vasundhara,28.66,77.37,81.415,167.985,50.808,13.816,0.985,13.642,11.519,82.416,0.5,304.654,moderate_to_poor
2026-10-05 05:00:00,Vasundhara,28.66,77.37,86.766,158.409,55.62,17.469,1.127,16.317,14.185,87.646,2.422,321.934,moderate_to_poor
2026-10-05 06:00:00,Vasundhara,28.66,77.37,94.567,173.063,36.445,16.001,1.305,33.494,14.04,90.881,2.539,356.0,moderate_to_poor
2026-10-05 07:00:00,Vasundhara,28.66,77.37,82.965,167.908,46.566,13.229,0.868,23.899,14.931,78.01,7.706,351.994,moderate_to_poor
2026-10-05 08:00:00,Vasundhara,28.66,77.37,72.31,130.837,48.756,9.622,1.015,44.09,17.849,55.89,9.016,326.403,moderate_to_poor
2026-10-05 09:00:00,Vasundhara,28.66,77.37,75.524,140.34,42.709,10.193,0.895,41.129,19.689,58.157,9.571,12.667,moderate_to_poor
2026-10-05 10:00:00,Vasundhara,28.66,77.37,77.381,143.198,34.337,11.523,1.07,32.01,20.621,59.037,6.936,8.682,moderate_to_poor
2026-10-05 11:00:00,Vasundhara,28.66,77.37,62.616,105.062,38.027,17.202,0.752,38.623,25.393,61.488,14.668,302.545,moderate_to_poor
2026-10-05 12:00:00,Vasundhara,28.66,77.37,56.809,100.532,38.577,16.13,1.116,54.635,24.842,64.515,13.157,220.968,moderate_to_poor
2026-10-05 13:00:00,Vasundhara,28.66,77.37,50.338,99.559,20.632,10.526,0.689,65.586,25.908,44.456,11.61,297.144,moderate_to_poor
2026-10-05 14:00:00,Vasundhara,28.66,77.37,46.036,78.346,34.808,13.599,0.75,65.912,27.906,35.323,15.47,310.131,moderate_to_poor
2026-10-05 15:00:00,Vasundhara,28.66,77.37,53.162,97.393,41.149,15.015,0.695,62.222,29.16,41.369,14.123,359.937,moderate_to_poor
2026-10-05 16:00:00,Vasundhara,28.66,77.37,57.344,113.491,49.868,7.477,0.536,64.409,26.965,45.661,14.153,330.755,moderate_to_poor
2026-10-05 17:00:00,Vasundhara,28.66,77.37,60.802,125.576,33.356,12.133,0.728,67.532,27.436,40.739,13.841,295.35,moderate_to_poor
2026-10-05 18:00:00,Vasundhara,28.66,77.37,86.026,178.85,39.363,18.119,0.791,35.762,25.033,58.946,10.029,289.713,moderate_to_poor
2026-10-05 19:00:00,Vasundhara,28.66,77.37,84.347,157.919,37.935,17.962,1.033,51.803,23.563,52.048,5.954,330.716,moderate_to_poor
2026-10-05 20:00:00,Vasundhara,28.66,77.37,84.264,168.325,41.871,21.243,0.972,44.821,21.765,61.06,8.739,286.833,moderate_to_poor
2026-10-05 21:00:00,Vasundhara,28.66,77.37,95.4,161.27,50.148,15.348,0.975,47.841,19.304,64.349,3.439,21.146,moderate_to_poor
2026-10-05 22:00:00,Vasundhara,28.66,77.37,90.299,155.871,53.449,18.903,1.181,32.018,16.755,76.351,5.985,343.669,moderate_to_poor
2026-10-05 23:00:00,Vasundhara,28.66,77.37,79.011,165.664,42.613,18.512,0.888,15.132,16.739,77.692,7.837,227.306,moderate_to_poor
2026-10-06 00:00:00,Vasundhara,28.66,77.37,82.584,172.801,53.275,13.749,1.099,29.564,14.581,75.557,0.5,231.573,moderate_to_poor
2026-10-06 01:00:00,Vasundhara,28.66,77.37,80.705,140.929,56.15,20.082,1.081,10.241,13.21,84.401,5.02,301.831,moderate_to_poor
2026-10-06 02:00:00,Vasundhara,28.66,77.37,85.245,176.36,44.505,15.777,1.007,12.364,12.452,87.555,5.016,266.769,moderate_to_poor
2026-10-06 03:00:00,Vasundhara,28.66,77.37,93.174,179.966,50.345,9.88,0.7,5.639,10.151,88.715,1.618,235.58,moderate_to_poor
2026-10-06 04:00:00,Vasundhara,28.66,77.37,90.727,179.415,40.592,14.392,0.941,13.666,11.398,88.751,2.123,21.08,moderate_to_poor
2026-10-06 05:00:00,Vasundhara,28.66,77.37,88.091,163.72,54.425,15.581,0.847,19.598,12.498,80.941,3.702,291.387,moderate_to_poor
2026-10-06 06:00:00,Vasundhara,28.66,77.37,87.743,155.352,45.363,13.322,1.081,11.514,14.518,69.63,2.86,306.079,moderate_to_poor
2026-10-06 07:00:00,Vasundhara,28.66,77.37,94.033,172.814,47.846,13.172,1.018,37.164,16.927,72.735,4.431,314.2,moderate_to_poor
2026-10-06 08:00:00,Vasundhara,28.66,77.37,90.025,183.597,48.435,14.938,1.052,23.737,17.621,73.824,9.244,357.584,moderate_to_poor
2026-10-06 09:00:00,Vasundhara,28.66,77.37,96.195,156.798,53.422,18.06,0.931,50.216,19.724,66.326,5.26,273.297,moderate_to_poor
2026-10-06 10:00:00,Vasundhara,28.66,77.37,85.14,145.546,48.347,12.194,1.04,49.807,22.015,59.322,9.016,329.885,moderate_to_poor
2026-10-06 11:00:00,Vasundhara,28.66,77.37,81.128,151.189,39.243,17.459,1.066,35.053,25.421,57.354,9.274,239.117,moderate_to_poor
2026-10-06 12:00:00,Vasundhara,28.66,77.37,64.452,104.237,35.353,14.316,1.176,63.579,26.94,46.166,13.109,260.301,moderate_to_poor
2026-10-06 13:00:00,Vasundhara,28.66,77.37,65.722,121.655,32.615,14.996,1.025,60.084,28.131,43.008,9.759,294.346,moderate_to_poor
2026-10-06 14:00:00,Vasundhara,28.66,77.37,57.572,98.888,32.961,14.267,0.776,73.569,28.146,43.185,15.659,277.475,moderate_to_poor
2026-10-06 15:00:00,Vasundhara,28.66,77.37,60.265,96.429,46.974,17.469,1.021,55.885,29.679,31.259,11.655,296.021,moderate_to_poor
2026-10-06 16:00:00,Vasundhara,28.66,77.37,66.503,127.035,42.99,15.854,0.976,61.906,25.008,41.686,14.127,355.168,moderate_to_poor
2026-10-06 17:00:00,Vasundhara,28.66,77.37,79.983,155.608,40.755,14.756,0.829,47.924,25.674,46.532,10.745,273.083,moderate_to_poor
2026-10-06 18:00:00,Vasundhara,28.66,77.37,89.444,185.658,47.03,14.503,1.153,62.107,24.896,49.265,10.636,282.449,moderate_to_poor
2026-10-06 19:00:00,Vasundhara,28.66,77.37,88.084,151.265,58.82,15.166,1.008,65.356,24.555,40.029,8.495,264.907,moderate_to_poor
2026-10-06 20:00:00,Vasundhara,28.66,77.37,96.05,186.593,42.286,10.888,1.031,50.944,23.971,54.622,7.931,250.53,moderate_to_poor
2026-10-06 21:00:00,Vasundhara,28.66,77.37,97.248,182.294,49.806,17.599,1.177,44.55,21.086,65.381,8.702,280.94,moderate_to_poor
2026-10-06 22:00:00,Vasundhara,28.66,77.37,84.256,166.196,42.698,9.651,0.849,32.023,17.203,67.789,9.832,287.528,moderate_to_poor
2026-10-06 23:00:00,Vasundhara,28.66,77.37,90.048,172.114,53.444,17.883,0.698,27.217,15.367,65.781,0.68,293.923,moderate_to_poor
2026-10-07 00:00:00,Vasundhara,28.66,77.37,78.118,158.308,30.604,12.759,0.803,26.999,14.032,81.041,4.471,303.678,moderate_to_poor
2026-10-07 01:00:00,Vasundhara,28.66,77.37,84.941,158.891,33.763,11.649,0.951,21.194,14.237,70.647,1.534,329.423,moderate_to_poor
2026-10-07 02:00:00,Vasundhara,28.66,77.37,99.434,160.011,47.003,16.549,0.963,15.944,13.534,83.169,3.39,272.399,moderate_to_poor
2026-10-07 03:00:00,Vasundhara,28.66,77.37,100.243,183.853,50.265,18.852,1.172,6.692,12.812,76.215,3.515,22.528,moderate_to_poor
2026-10-07 04:00:00,Vasundhara,28.66,77.37,106.582,205.058,50.499,18.681,1.197,17.799,12.379,70.85,0.5,312.184,moderate_to_poor
2026-10-07 05:00:00,Vasundhara,28.66,77.37,108.714,203.685,58.065,10.84,1.03,9.804,13.376,79.141,3.121,343.605,moderate_to_poor
2026-10-07 06:00:00,Vasundhara,28.66,77.37,110.184,192.278,51.503,20.899,1.188,12.0,15.002,80.491,1.796,26.488,moderate_to_poor
2026-10-07 07:00:00,Vasundhara,28.66,77.37,101.537,209.36,35.972,15.35,0.954,35.976,16.304,68.036,4.492,298.602,moderate_to_poor
2026-10-07 08:00:00,Vasundhara,28.66,77.37,104.635,215.422,44.533,14.998,1.261,30.332,16.548,73.204,8.754,301.127,moderate_to_poor
2026-10-07 09:00:00,Vasundhara,28.66,77.37,101.918,201.901,39.746,12.385,1.306,49.23,20.999,70.258,9.767,278.231,moderate_to_poor
2026-10-07 10:00:00,Vasundhara,28.66,77.37,90.365,188.281,30.028,11.726,0.865,46.836,22.866,49.888,9.094,332.433,moderate_to_poor
2026-10-07 11:00:00,Vasundhara,28.66,77.37,82.01,166.02,39.889,14.287,0.672,62.576,23.948,85.0,2.0,313.85,moderate_to_poor
2026-10-07 12:00:00,Vasundhara,28.66,77.37,74.592,152.009,35.403,7.729,0.766,62.276,26.578,85.0,2.0,326.192,moderate_to_poor
2026-10-07 13:00:00,Vasundhara,28.66,77.37,81.132,137.813,40.079,11.163,1.118,62.151,27.043,85.0,2.0,267.728,moderate_to_poor
2026-10-07 14:00:00,Vasundhara,28.66,77.37,67.693,112.285,40.989,14.119,0.552,69.122,27.872,85.0,2.0,294.036,moderate_to_poor
2026-10-07 15:00:00,Vasundhara,28.66,77.37,70.311,142.972,51.465,14.432,0.936,65.156,30.009,85.0,2.0,257.369,moderate_to_poor
2026-10-07 16:00:00,Vasundhara,28.66,77.37,73.997,154.878,49.616,11.621,0.702,71.047,27.865,85.0,2.0,247.88,moderate_to_poor
2026-10-07 17:00:00,Vasundhara,28.66,77.37,81.884,170.343,43.36,4.133,0.675,63.94,27.514,85.0,2.0,305.2,moderate_to_poor
2026-10-07 18:00:00,Vasundhara,28.66,77.37,114.786,200.149,46.532,11.079,1.17,47.903,25.578,85.0,2.0,333.606,moderate_to_poor
2026-10-07 19:00:00,Vasundhara,28.66,77.37,140.086,256.351,52.299,17.998,1.138,39.659,22.587,85.0,2.0,294.317,moderate_to_poor
2026-10-07 20:00:00,Vasundhara,28.66,77.37,121.049,202.693,50.034,11.344,1.28,34.253,22.198,85.0,2.0,311.503,moderate_to_poor
2026-10-07 21:00:00,Vasundhara,28.66,77.37,120.09,205.317,49.342,11.954,1.317,48.988,19.681,85.0,2.0,329.996,moderate_to_poor
2026-10-07 22:00:00,Vasundhara,28.66,77.37,129.829,209.693,63.764,14.323,0.97,29.857,16.951,85.0,2.0,241.021,moderate_to_poor
2026-10-07 23:00:00,Vasundhara,28.66,77.37,128.274,262.718,57.351,10.659,1.058,34.412,14.641,85.0,2.0,320.246,moderate_to_poor
2026-10-05 00:00:00,Raj Nagar,28.675,77.44,75.933,133.446,38.576,9.901,0.905,27.227,15.539,80.241,2.89,242.741,moderate_to_poor
2026-10-05 01:00:00,Raj Nagar,28.675,77.44,71.761,127.327,46.908,9.472,1.197,19.693,12.767,77.109,5.685,258.704,moderate_to_poor
2026-10-05 02:00:00,Raj Nagar,28.675,77.44,80.227,152.878,36.228,17.285,0.829,11.204,10.992,79.867,3.395,301.704,moderate_to_poor
2026-10-05 03:00:00,Raj Nagar,28.675,77.44,78.651,146.275,35.14,15.463,0.896,19.123,12.828,79.635,6.562,314.391,moderate_to_poor
2026-10-05 04:00:00,Raj Nagar,28.675,77.44,83.098,173.229,46.277,19.606,0.986,33.568,13.138,86.406,2.235,11.24,moderate_to_poor
2026-10-05 05:00:00,Raj Nagar,28.675,77.44,83.205,143.062,34.972,15.006,0.905,9.264,13.785,84.799,5.915,291.374,moderate_to_poor
2026-10-05 06:00:00,Raj Nagar,28.675,77.44,80.242,129.817,46.744,14.996,1.182,25.886,16.547,67.347,4.831,223.359,moderate_to_poor
2026-10-05 07:00:00,Raj Nagar,28.675,77.44,78.629,144.338,47.947,11.152,1.129,24.74,14.399,65.651,6.451,340.329,moderate_to_poor
2026-10-05 08:00:00,Raj Nagar,28.675,77.44,84.167,175.34,52.133,18.092,0.761,27.182,18.594,69.795,4.54,327.731,moderate_to_poor
2026-10-05 09:00:00,Raj Nagar,28.675,77.44,79.752,142.166,45.047,17.201,0.905,36.06,18.968,67.278,5.764,308.43,moderate_to_poor
2026-10-05 10:00:00,Raj Nagar,28.675,77.44,70.22,129.467,42.452,16.782,1.143,52.374,22.27,67.234,12.524,298.469,moderate_to_poor
2026-10-05 11:00:00,Raj Nagar,28.675,77.44,61.761,109.536,23.657,14.203,0.744,51.886,23.478,51.68,12.394,1.318,moderate_to_poor
2026-10-05 12:00:00,Raj Nagar,28.675,77.44,61.521,118.882,35.489,11.663,0.872,63.816,26.048,52.311,11.64,322.588,moderate_to_poor
2026-10-05 13:00:00,Raj Nagar,28.675,77.44,56.993,100.414,44.902,13.091,0.635,58.232,27.043,49.818,13.33,275.568,moderate_to_poor
2026-10-05 14:00:00,Raj Nagar,28.675,77.44,57.268,110.108,30.852,13.802,0.931,71.731,28.015,40.238,9.85,269.07,moderate_to_poor
2026-10-05 15:00:00,Raj Nagar,28.675,77.44,47.956,92.831,31.094,12.084,0.823,54.492,26.849,41.495,15.584,301.772,moderate_to_poor
2026-10-05 16:00:00,Raj Nagar,28.675,77.44,45.815,76.012,37.503,11.508,0.64,71.665,28.36,41.871,19.068,331.525,moderate_to_poor
2026-10-05 17:00:00,Raj Nagar,28.675,77.44,73.775,144.792,45.727,16.326,1.027,48.681,25.634,52.343,7.575,244.468,moderate_to_poor
2026-10-05 18:00:00,Raj Nagar,28.675,77.44,79.844,148.572,46.211,17.541,0.803,60.866,26.331,55.606,9.332,229.892,moderate_to_poor
2026-10-05 19:00:00,Raj Nagar,28.675,77.44,86.118,170.439,48.518,11.743,1.15,50.608,23.734,58.477,10.911,267.042,moderate_to_poor
2026-10-05 20:00:00,Raj Nagar,28.675,77.44,86.525,153.808,51.088,15.189,1.151,33.207,22.563,65.906,12.304,213.21,moderate_to_poor
2026-10-05 21:00:00,Raj Nagar,28.675,77.44,92.498,166.803,50.835,19.884,1.127,46.373,18.692,66.701,7.261,254.021,moderate_to_poor
2026-10-05 22:00:00,Raj Nagar,28.675,77.44,85.71,158.972,51.385,12.385,1.013,37.528,18.96,64.468,9.273,14.794,moderate_to_poor
2026-10-05 23:00:00,Raj Nagar,28.675,77.44,99.619,164.315,46.515,14.403,0.952,26.227,15.349,71.001,1.387,320.286,moderate_to_poor
2026-10-06 00:00:00,Raj Nagar,28.675,77.44,104.583,199.95,45.632,13.129,0.942,4.427,13.883,86.724,2.377,326.723,moderate_to_poor
2026-10-06 01:00:00,Raj Nagar,28.675,77.44,97.186,173.077,56.74,14.863,1.174,22.545,12.179,81.462,4.091,300.198,moderate_to_poor
2026-10-06 02:00:00,Raj Nagar,28.675,77.44,90.807,182.115,46.43,15.747,0.71,17.127,12.138,83.33,5.541,270.224,moderate_to_poor
2026-10-06 03:00:00,Raj Nagar,28.675,77.44,95.612,156.901,49.344,15.386,0.909,2.0,13.055,77.362,0.5,282.361,moderate_to_poor
2026-10-06 04:00:00,Raj Nagar,28.675,77.44,90.374,154.921,43.375,17.429,1.062,20.643,12.751,78.441,5.282,227.407,moderate_to_poor
2026-10-06 05:00:00,Raj Nagar,28.675,77.44,85.261,163.995,35.958,14.847,0.894,32.01,12.449,80.568,9.015,334.686,moderate_to_poor
2026-10-06 06:00:00,Raj Nagar,28.675,77.44,100.096,164.084,53.737,16.492,1.304,9.164,15.04,83.97,3.993,289.117,moderate_to_poor
2026-10-06 07:00:00,Raj Nagar,28.675,77.44,104.979,183.454,53.83,14.172,0.97,20.671,16.325,74.157,3.031,272.294,moderate_to_poor
2026-10-06 08:00:00,Raj Nagar,28.675,77.44,83.156,147.947,47.981,10.988,0.855,36.46,18.63,55.481,7.273,275.311,moderate_to_poor
2026-10-06 09:00:00,Raj Nagar,28.675,77.44,95.452,171.928,39.143,20.823,0.955,53.789,18.419,65.766,6.305,355.03,moderate_to_poor
2026-10-06 10:00:00,Raj Nagar,28.675,77.44,93.319,170.623,46.911,16.966,0.864,47.062,22.906,63.269,6.59,241.747,moderate_to_poor
2026-10-06 11:00:00,Raj Nagar,28.675,77.44,80.793,165.782,48.924,12.014,1.118,55.946,23.094,60.21,7.646,310.519,moderate_to_poor
2026-10-06 12:00:00,Raj Nagar,28.675,77.44,70.965,138.364,34.15,13.756,0.641,41.411,25.197,50.308,9.36,277.049,moderate_to_poor
2026-10-06 13:00:00,Raj Nagar,28.675,77.44,63.463,103.402,33.511,15.464,0.858,65.73,25.8,44.051,14.95,320.779,moderate_to_poor
2026-10-06 14:00:00,Raj Nagar,28.675,77.44,63.551,131.243,40.649,12.345,1.079,61.407,29.512,39.403,14.225,278.505,moderate_to_poor
2026-10-06 15:00:00,Raj Nagar,28.675,77.44,73.983,132.93,35.207,13.924,1.014,69.309,28.492,48.184,13.907,263.214,moderate_to_poor
2026-10-06 16:00:00,Raj Nagar,28.675,77.44,64.4,103.299,24.935,15.053,0.883,74.074,28.943,44.846,17.639,340.18,moderate_to_poor
2026-10-06 17:00:00,Raj Nagar,28.675,77.44,73.226,126.073,38.49,15.07,0.809,75.004,26.906,39.686,13.159,269.981,moderate_to_poor
2026-10-06 18:00:00,Raj Nagar,28.675,77.44,89.792,145.316,40.673,9.958,0.958,64.767,24.876,52.417,11.246,330.3,moderate_to_poor
2026-10-06 19:00:00,Raj Nagar,28.675,77.44,98.594,177.031,50.465,15.047,1.142,50.757,23.609,57.458,8.685,321.163,moderate_to_poor
2026-10-06 20:00:00,Raj Nagar,28.675,77.44,101.392,196.793,53.337,10.061,1.348,39.898,22.102,61.824,10.475,354.688,moderate_to_poor
2026-10-06 21:00:00,Raj Nagar,28.675,77.44,102.284,170.015,44.152,16.136,1.025,32.145,18.657,69.869,9.743,275.026,moderate_to_poor
2026-10-06 22:00:00,Raj Nagar,28.675,77.44,91.861,157.62,59.756,15.592,0.739,29.258,17.35,56.805,5.546,297.608,moderate_to_poor
2026-10-06 23:00:00,Raj Nagar,28.675,77.44,93.909,177.715,48.033,15.051,1.196,40.766,14.748,73.984,8.996,234.635,moderate_to_poor
2026-10-07 00:00:00,Raj Nagar,28.675,77.44,101.343,191.448,43.448,16.988,1.077,15.433,12.855,72.864,0.812,275.575,moderate_to_poor
2026-10-07 01:00:00,Raj Nagar,28.675,77.44,113.586,183.103,54.249,10.05,1.151,11.377,13.329,80.649,0.781,270.553,moderate_to_poor
2026-10-07 02:00:00,Raj Nagar,28.675,77.44,94.203,151.695,48.523,13.499,0.933,12.327,14.417,88.968,9.07,229.327,moderate_to_poor
2026-10-07 03:00:00,Raj Nagar,28.675,77.44,106.859,179.205,51.928,13.212,0.953,12.856,12.992,89.281,2.856,280.712,moderate_to_poor
2026-10-07 04:00:00,Raj Nagar,28.675,77.44,103.657,176.062,57.663,13.454,0.808,9.116,13.276,87.945,0.5,260.723,moderate_to_poor
2026-10-07 05:00:00,Raj Nagar,28.675,77.44,95.975,166.48,39.88,11.931,1.07,21.998,12.895,67.812,0.5,295.341,moderate_to_poor
2026-10-07 06:00:00,Raj Nagar,28.675,77.44,112.718,226.115,53.879,13.283,1.22,26.691,15.097,84.992,4.465,318.645,moderate_to_poor
2026-10-07 07:00:00,Raj Nagar,28.675,77.44,119.485,208.553,51.551,11.227,1.203,24.895,16.32,78.141,4.303,321.976,moderate_to_poor
2026-10-07 08:00:00,Raj Nagar,28.675,77.44,125.483,252.925,40.852,14.939,1.049,33.443,16.931,77.084,7.461,306.489,moderate_to_poor
2026-10-07 09:00:00,Raj Nagar,28.675,77.44,116.299,186.511,40.222,15.416,1.436,36.83,19.279,70.626,9.298,315.977,moderate_to_poor
2026-10-07 10:00:00,Raj Nagar,28.675,77.44,102.459,200.755,54.984,16.385,1.246,54.652,21.997,51.424,9.087,304.251,moderate_to_poor
2026-10-07 11:00:00,Raj Nagar,28.675,77.44,106.553,181.99,53.577,13.124,1.149,46.784,25.018,85.0,2.0,229.485,moderate_to_poor
2026-10-07 12:00:00,Raj Nagar,28.675,77.44,92.668,161.411,56.138,15.53,0.915,50.14,27.038,85.0,2.0,297.867,moderate_to_poor
2026-10-07 13:00:00,Raj Nagar,28.675,77.44,84.722,167.868,45.911,12.255,1.081,78.439,27.713,85.0,2.0,304.809,moderate_to_poor
2026-10-07 14:00:00,Raj Nagar,28.675,77.44,87.095,167.417,31.797,16.444,0.91,53.425,30.187,85.0,2.0,297.696,moderate_to_poor
2026-10-07 15:00:00,Raj Nagar,28.675,77.44,91.169,154.903,43.726,13.927,1.179,68.661,27.866,85.0,2.0,339.292,moderate_to_poor
2026-10-07 16:00:00,Raj Nagar,28.675,77.44,81.085,143.212,42.381,11.28,0.912,60.113,27.137,85.0,2.0,289.059,moderate_to_poor
2026-10-07 17:00:00,Raj Nagar,28.675,77.44,112.864,188.376,49.072,16.682,0.911,72.443,26.33,85.0,2.0,314.824,moderate_to_poor
2026-10-07 18:00:00,Raj Nagar,28.675,77.44,136.384,227.525,46.313,11.992,1.337,49.347,25.588,85.0,2.0,335.736,moderate_to_poor
2026-10-07 19:00:00,Raj Nagar,28.675,77.44,129.411,231.956,63.19,15.034,1.342,54.66,22.596,85.0,2.0,281.863,moderate_to_poor
2026-10-07 20:00:00,Raj Nagar,28.675,77.44,137.498,237.954,47.603,11.463,1.182,49.523,21.163,85.0,2.0,353.144,moderate_to_poor
2026-10-07 21:00:00,Raj Nagar,28.675,77.44,147.235,301.974,56.21,17.258,1.226,48.643,20.48,85.0,2.0,298.99,moderate_to_poor
2026-10-07 22:00:00,Raj Nagar,28.675,77.44,159.953,313.46,52.188,19.513,1.399,31.157,19.022,85.0,2.0,279.351,moderate_to_poor
2026-10-07 23:00:00,Raj Nagar,28.675,77.44,159.445,261.52,63.374,8.773,0.922,41.606,15.096,85.0,2.0,295.409,moderate_to_poor
2026-10-05 00:00:00,Loni,28.75,77.285,129.631,260.001,49.397,17.927,1.237,17.482,15.398,84.563,4.989,339.278,moderate_to_poor
2026-10-05 01:00:00,Loni,28.75,77.285,118.174,246.133,55.545,22.034,0.762,23.797,12.992,80.028,5.567,20.172,moderate_to_poor
2026-10-05 02:00:00,Loni,28.75,77.285,130.355,265.538,44.421,13.352,1.13,6.487,12.413,85.13,5.078,315.234,moderate_to_poor
2026-10-05 03:00:00,Loni,28.75,77.285,135.86,227.084,52.274,17.477,0.943,23.973,11.93,87.85,2.202,286.009,moderate_to_poor
2026-10-05 04:00:00,Loni,28.75,77.285,141.099,234.491,62.371,14.322,1.233,26.47,13.156,85.095,1.473,285.59,moderate_to_poor
2026-10-05 05:00:00,Loni,28.75,77.285,146.1,302.558,54.667,16.132,1.301,12.861,13.668,84.188,0.874,264.21,moderate_to_poor
2026-10-05 06:00:00,Loni,28.75,77.285,137.849,276.061,55.369,22.431,1.222,21.395,14.443,77.402,4.346,353.938,moderate_to_poor
2026-10-05 07:00:00,Loni,28.75,77.285,142.633,265.61,54.541,14.336,0.911,25.645,14.211,70.799,3.206,346.454,moderate_to_poor
2026-10-05 08:00:00,Loni,28.75,77.285,136.365,254.535,50.246,16.291,1.04,29.705,18.672,70.652,7.03,332.754,moderate_to_poor
2026-10-05 09:00:00,Loni,28.75,77.285,133.171,243.495,47.506,21.444,1.095,50.868,20.815,72.283,10.691,259.332,moderate_to_poor
2026-10-05 10:00:00,Loni,28.75,77.285,119.907,231.694,45.53,15.594,1.057,45.055,22.12,56.201,8.493,344.956,moderate_to_poor
2026-10-05 11:00:00,Loni,28.75,77.285,122.774,239.421,46.282,15.13,1.13,50.855,25.143,54.408,7.228,287.206,moderate_to_poor
2026-10-05 12:00:00,Loni,28.75,77.285,103.214,197.212,43.783,16.128,0.975,54.853,26.205,48.878,11.837,265.939,moderate_to_poor
2026-10-05 13:00:00,Loni,28.75,77.285,107.889,185.129,51.06,20.282,0.893,50.371,26.975,60.18,12.616,29.491,moderate_to_poor
2026-10-05 14:00:00,Loni,28.75,77.285,92.782,171.122,43.745,15.732,0.791,68.534,28.536,51.565,14.604,277.049,moderate_to_poor
2026-10-05 15:00:00,Loni,28.75,77.285,89.235,169.556,35.119,16.279,0.816,80.698,27.127,41.82,14.283,304.989,moderate_to_poor
2026-10-05 16:00:00,Loni,28.75,77.285,81.455,156.561,44.559,13.797,0.899,66.855,27.994,30.239,13.956,255.978,moderate_to_poor
2026-10-05 17:00:00,Loni,28.75,77.285,99.365,171.57,41.643,12.834,1.191,55.7,27.373,50.887,14.314,308.159,moderate_to_poor
2026-10-05 18:00:00,Loni,28.75,77.285,103.095,184.93,40.832,15.7,0.977,57.544,26.969,47.373,13.402,330.657,moderate_to_poor
2026-10-05 19:00:00,Loni,28.75,77.285,96.155,172.183,38.415,11.395,0.762,57.77,23.351,41.801,12.844,355.447,moderate_to_poor
2026-10-05 20:00:00,Loni,28.75,77.285,120.853,230.617,43.025,14.59,1.453,53.777,21.092,55.884,7.899,273.736,moderate_to_poor
2026-10-05 21:00:00,Loni,28.75,77.285,133.118,251.63,52.931,14.976,1.159,38.809,20.768,73.483,6.905,314.685,moderate_to_poor
2026-10-05 22:00:00,Loni,28.75,77.285,137.953,265.359,65.317,19.938,1.315,36.523,17.573,72.657,4.857,266.697,moderate_to_poor
2026-10-05 23:00:00,Loni,28.75,77.285,126.225,223.006,48.844,13.767,1.054,14.672,14.86,71.336,6.417,294.238,moderate_to_poor
2026-10-06 00:00:00,Loni,28.75,77.285,142.483,269.89,46.945,19.658,1.199,16.318,14.649,79.768,1.98,329.489,moderate_to_poor
2026-10-06 01:00:00,Loni,28.75,77.285,150.232,306.033,52.937,16.515,1.137,24.73,15.505,83.175,2.221,243.736,moderate_to_poor
2026-10-06 02:00:00,Loni,28.75,77.285,138.665,273.256,43.913,15.967,1.363,11.738,12.815,89.445,7.773,333.088,moderate_to_poor
2026-10-06 03:00:00,Loni,28.75,77.285,151.054,249.744,49.201,20.486,1.194,5.78,10.814,86.512,3.367,240.583,moderate_to_poor
2026-10-06 04:00:00,Loni,28.75,77.285,158.841,293.867,63.25,15.228,1.085,15.529,11.584,86.896,3.265,309.78,moderate_to_poor
2026-10-06 05:00:00,Loni,28.75,77.285,154.138,266.612,54.978,18.516,1.232,16.557,12.12,77.742,1.026,294.992,moderate_to_poor
2026-10-06 06:00:00,Loni,28.75,77.285,146.771,249.957,60.209,14.09,1.375,26.298,13.242,82.122,6.488,283.293,moderate_to_poor
2026-10-06 07:00:00,Loni,28.75,77.285,138.278,231.453,53.901,22.113,0.991,28.989,16.007,59.723,4.382,291.498,moderate_to_poor
2026-10-06 08:00:00,Loni,28.75,77.285,145.124,298.865,47.347,14.989,1.246,42.181,17.305,77.175,9.479,346.87,moderate_to_poor
2026-10-06 09:00:00,Loni,28.75,77.285,135.526,250.356,44.006,19.669,1.089,28.407,21.636,61.587,7.211,263.049,moderate_to_poor
2026-10-06 10:00:00,Loni,28.75,77.285,134.049,242.659,57.155,13.81,1.216,54.513,21.485,63.562,5.749,278.419,moderate_to_poor
2026-10-06 11:00:00,Loni,28.75,77.285,104.233,169.753,41.203,17.035,1.046,54.557,24.475,54.845,9.89,30.067,moderate_to_poor
2026-10-06 12:00:00,Loni,28.75,77.285,81.553,138.376,36.411,18.101,0.942,67.616,26.012,39.23,11.678,336.304,moderate_to_poor
2026-10-06 13:00:00,Loni,28.75,77.285,73.1,128.835,33.777,14.734,0.607,69.165,27.975,38.456,12.127,314.72,moderate_to_poor
2026-10-06 14:00:00,Loni,28.75,77.285,77.449,157.7,42.505,14.92,0.839,67.715,27.201,49.875,15.443,342.734,moderate_to_poor
2026-10-06 15:00:00,Loni,28.75,77.285,66.939,112.393,38.271,10.209,1.245,69.945,26.76,42.302,18.107,300.237,moderate_to_poor
2026-10-06 16:00:00,Loni,28.75,77.285,89.563,171.446,41.213,9.688,0.606,71.863,27.212,38.675,8.833,306.945,moderate_to_poor
2026-10-06 17:00:00,Loni,28.75,77.285,107.089,189.094,50.18,15.296,0.871,54.507,27.591,49.906,11.17,264.328,moderate_to_poor
2026-10-06 18:00:00,Loni,28.75,77.285,108.354,217.006,40.341,18.912,1.158,59.313,25.452,53.395,13.486,332.013,moderate_to_poor
2026-10-06 19:00:00,Loni,28.75,77.285,122.788,234.859,47.463,13.499,1.187,46.681,23.408,52.263,8.384,275.758,moderate_to_poor
2026-10-06 20:00:00,Loni,28.75,77.285,123.654,224.655,49.154,13.93,1.12,41.572,23.083,65.514,12.303,2.497,moderate_to_poor
2026-10-06 21:00:00,Loni,28.75,77.285,125.292,218.643,51.231,16.689,0.786,40.132,20.464,58.021,5.579,274.3,moderate_to_poor
2026-10-06 22:00:00,Loni,28.75,77.285,115.566,192.639,51.615,12.421,1.259,25.728,15.531,66.331,7.248,309.489,moderate_to_poor
2026-10-06 23:00:00,Loni,28.75,77.285,121.613,252.051,38.924,16.157,1.064,33.99,15.313,70.615,2.154,254.063,moderate_to_poor
2026-10-07 00:00:00,Loni,28.75,77.285,117.531,218.588,50.166,16.413,1.101,21.106,15.825,90.256,4.389,266.104,moderate_to_poor
2026-10-07 01:00:00,Loni,28.75,77.285,111.379,184.364,43.95,13.321,0.876,23.661,13.272,75.073,0.5,273.955,moderate_to_poor
2026-10-07 02:00:00,Loni,28.75,77.285,132.442,225.595,47.562,10.523,1.216,16.721,12.524,88.398,0.966,357.143,moderate_to_poor
2026-10-07 03:00:00,Loni,28.75,77.285,134.435,271.561,44.047,16.953,1.042,12.53,10.405,91.086,1.492,329.49,moderate_to_poor
2026-10-07 04:00:00,Loni,28.75,77.285,124.148,241.905,40.596,14.548,0.946,28.56,13.026,81.693,4.399,332.253,moderate_to_poor
2026-10-07 05:00:00,Loni,28.75,77.285,133.752,255.951,50.403,14.336,1.241,18.234,13.392,78.978,5.086,0.48,moderate_to_poor
2026-10-07 06:00:00,Loni,28.75,77.285,153.507,284.583,49.975,17.061,1.264,27.971,14.22,89.96,3.774,307.056,moderate_to_poor
2026-10-07 07:00:00,Loni,28.75,77.285,137.851,222.528,48.396,15.696,1.117,21.451,15.376,73.776,7.307,232.932,moderate_to_poor
2026-10-07 08:00:00,Loni,28.75,77.285,154.427,269.011,49.943,11.95,1.277,28.682,18.431,73.139,4.786,310.786,moderate_to_poor
2026-10-07 09:00:00,Loni,28.75,77.285,147.526,246.047,46.222,14.735,1.446,34.827,19.092,68.475,10.786,328.855,moderate_to_poor
2026-10-07 10:00:00,Loni,28.75,77.285,133.971,252.465,37.088,13.184,1.107,27.79,22.391,55.616,11.999,294.561,moderate_to_poor
2026-10-07 11:00:00,Loni,28.75,77.285,127.824,237.919,47.022,18.818,0.881,39.939,23.32,85.0,2.0,358.303,moderate_to_poor
2026-10-07 12:00:00,Loni,28.75,77.285,119.56,213.469,45.041,12.993,1.099,55.988,25.01,85.0,2.0,281.368,moderate_to_poor
2026-10-07 13:00:00,Loni,28.75,77.285,117.875,228.864,49.708,17.154,1.011,64.279,25.999,85.0,2.0,236.119,moderate_to_poor
2026-10-07 14:00:00,Loni,28.75,77.285,127.915,225.624,41.951,18.643,1.093,57.747,28.688,85.0,2.0,322.981,moderate_to_poor
2026-10-07 15:00:00,Loni,28.75,77.285,108.119,224.728,52.341,13.716,0.871,62.363,28.642,85.0,2.0,315.231,moderate_to_poor
2026-10-07 16:00:00,Loni,28.75,77.285,136.768,219.596,68.687,8.493,1.28,67.279,28.673,85.0,2.0,256.58,moderate_to_poor
2026-10-07 17:00:00,Loni,28.75,77.285,165.778,347.552,57.622,17.162,1.317,49.172,27.361,85.0,2.0,288.126,moderate_to_poor
2026-10-07 18:00:00,Loni,28.75,77.285,150.373,274.114,39.987,8.214,1.041,55.492,25.92,85.0,2.0,316.296,moderate_to_poor
2026-10-07 19:00:00,Loni,28.75,77.285,198.857,322.672,54.819,15.287,0.992,55.199,25.805,85.0,2.0,227.593,moderate_to_poor
2026-10-07 20:00:00,Loni,28.75,77.285,195.5,369.642,45.125,16.518,1.352,55.86,21.795,85.0,2.0,297.793,moderate_to_poor
2026-10-07 21:00:00,Loni,28.75,77.285,242.921,416.917,51.382,13.908,1.416,23.565,21.794,85.0,2.0,301.389,moderate_to_poor
2026-10-07 22:00:00,Loni,28.75,77.285,238.211,433.128,68.977,19.893,1.168,33.105,19.419,85.0,2.0,354.931,moderate_to_poor
2026-10-07 23:00:00,Loni,28.75,77.285,202.932,350.468,60.329,20.611,1.216,23.298,17.255,85.0,2.0,25.047,moderate_to_poor
2026-10-05 00:00:00,Sahibabad,28.68,77.36,118.131,229.304,56.165,15.002,1.031,13.341,14.433,87.275,3.264,308.242,moderate_to_poor
2026-10-05 01:00:00,Sahibabad,28.68,77.36,114.615,198.856,55.661,15.823,0.904,10.747,14.241,77.333,0.5,286.377,moderate_to_poor
2026-10-05 02:00:00,Sahibabad,28.68,77.36,105.836,176.221,41.161,11.555,0.998,2.0,11.658,72.922,0.635,226.956,moderate_to_poor
2026-10-05 03:00:00,Sahibabad,28.68,77.36,88.447,158.503,44.257,19.542,0.907,28.411,12.277,74.768,7.084,304.655,moderate_to_poor
2026-10-05 04:00:00,Sahibabad,28.68,77.36,103.326,179.23,51.9,15.964,0.931,22.573,11.111,78.576,5.165,301.938,moderate_to_poor
2026-10-05 05:00:00,Sahibabad,28.68,77.36,96.271,160.036,52.952,12.948,1.052,7.483,12.413,74.138,6.598,342.399,moderate_to_poor
2026-10-05 06:00:00,Sahibabad,28.68,77.36,106.912,218.597,52.019,15.744,1.015,13.992,16.01,78.506,4.965,285.172,moderate_to_poor
2026-10-05 07:00:00,Sahibabad,28.68,77.36,104.643,217.141,44.229,14.74,0.842,15.608,18.092,64.102,4.011,328.363,moderate_to_poor
2026-10-05 08:00:00,Sahibabad,28.68,77.36,112.187,229.761,50.359,18.019,1.004,34.911,17.632,66.182,3.094,269.868,moderate_to_poor
2026-10-05 09:00:00,Sahibabad,28.68,77.36,91.856,166.831,42.834,10.631,0.903,44.46,19.287,58.334,8.004,261.192,moderate_to_poor
2026-10-05 10:00:00,Sahibabad,28.68,77.36,83.441,134.498,30.74,18.207,0.99,43.049,23.67,56.054,11.395,311.049,moderate_to_poor
2026-10-05 11:00:00,Sahibabad,28.68,77.36,74.618,121.311,39.024,16.738,0.869,50.403,23.144,65.302,19.088,272.564,moderate_to_poor
2026-10-05 12:00:00,Sahibabad,28.68,77.36,76.794,150.442,40.423,15.897,0.942,42.664,25.747,54.269,11.947,23.302,moderate_to_poor
2026-10-05 13:00:00,Sahibabad,28.68,77.36,70.486,121.172,38.822,12.638,0.824,58.444,27.563,57.13,16.819,252.786,moderate_to_poor
2026-10-05 14:00:00,Sahibabad,28.68,77.36,79.825,164.307,47.127,11.273,1.004,75.698,29.323,50.091,11.35,356.121,moderate_to_poor
2026-10-05 15:00:00,Sahibabad,28.68,77.36,71.279,133.035,37.69,19.934,1.222,56.888,26.828,52.164,14.706,233.957,moderate_to_poor
2026-10-05 16:00:00,Sahibabad,28.68,77.36,75.427,155.959,42.153,7.532,0.907,64.517,27.025,40.17,11.826,329.644,moderate_to_poor
2026-10-05 17:00:00,Sahibabad,28.68,77.36,83.625,171.239,45.129,13.139,0.942,69.043,26.686,45.401,14.092,347.026,moderate_to_poor
2026-10-05 18:00:00,Sahibabad,28.68,77.36,91.099,171.375,41.832,17.82,0.868,60.863,25.151,53.917,15.81,316.623,moderate_to_poor
2026-10-05 19:00:00,Sahibabad,28.68,77.36,94.267,157.92,44.422,14.721,1.053,60.134,25.52,52.065,14.895,337.162,moderate_to_poor
2026-10-05 20:00:00,Sahibabad,28.68,77.36,107.069,219.531,37.604,15.167,1.353,52.414,21.538,55.319,12.147,315.369,moderate_to_poor
2026-10-05 21:00:00,Sahibabad,28.68,77.36,136.431,235.339,50.703,20.364,1.13,62.732,19.104,72.151,4.734,308.305,moderate_to_poor
2026-10-05 22:00:00,Sahibabad,28.68,77.36,128.916,215.882,51.06,13.476,1.053,37.32,16.642,71.836,7.438,308.601,moderate_to_poor
2026-10-05 23:00:00,Sahibabad,28.68,77.36,129.32,222.692,46.928,10.161,1.022,4.623,14.55,78.253,8.34,271.809,moderate_to_poor
2026-10-06 00:00:00,Sahibabad,28.68,77.36,127.428,253.112,43.748,20.128,1.022,13.269,14.224,69.057,1.525,291.285,moderate_to_poor
2026-10-06 01:00:00,Sahibabad,28.68,77.36,127.157,230.029,59.012,15.052,0.894,8.751,13.461,75.75,2.486,299.151,moderate_to_poor
2026-10-06 02:00:00,Sahibabad,28.68,77.36,129.559,218.844,49.564,17.639,0.989,2.0,10.344,82.725,4.774,219.655,moderate_to_poor
2026-10-06 03:00:00,Sahibabad,28.68,77.36,133.276,272.966,45.721,15.835,0.97,16.638,11.83,82.019,0.5,302.004,moderate_to_poor
2026-10-06 04:00:00,Sahibabad,28.68,77.36,136.3,246.003,54.128,14.425,1.082,22.603,11.475,80.047,0.586,340.625,moderate_to_poor
2026-10-06 05:00:00,Sahibabad,28.68,77.36,118.727,225.932,49.775,8.483,1.265,29.991,12.729,76.992,7.983,338.94,moderate_to_poor
2026-10-06 06:00:00,Sahibabad,28.68,77.36,119.114,211.112,41.143,13.118,1.049,20.543,13.594,79.249,10.075,232.868,moderate_to_poor
2026-10-06 07:00:00,Sahibabad,28.68,77.36,117.456,235.852,48.313,16.216,0.937,34.463,15.853,76.021,8.647,275.357,moderate_to_poor
2026-10-06 08:00:00,Sahibabad,28.68,77.36,127.55,257.394,55.559,13.767,0.998,31.234,16.492,59.691,0.5,339.813,moderate_to_poor
2026-10-06 09:00:00,Sahibabad,28.68,77.36,108.064,190.539,55.473,20.546,1.034,47.692,20.342,63.356,10.438,248.995,moderate_to_poor
2026-10-06 10:00:00,Sahibabad,28.68,77.36,103.892,209.884,41.317,13.714,0.959,59.795,21.698,65.5,12.262,341.074,moderate_to_poor
2026-10-06 11:00:00,Sahibabad,28.68,77.36,95.118,160.826,39.424,16.89,1.008,56.947,25.038,56.441,10.28,260.689,moderate_to_poor
2026-10-06 12:00:00,Sahibabad,28.68,77.36,71.071,140.387,39.315,15.936,1.039,71.074,25.948,57.282,18.743,300.154,moderate_to_poor
2026-10-06 13:00:00,Sahibabad,28.68,77.36,75.288,130.582,39.452,13.242,0.804,76.673,26.136,43.698,9.98,228.933,moderate_to_poor
2026-10-06 14:00:00,Sahibabad,28.68,77.36,63.101,105.594,36.681,16.163,0.562,62.562,28.065,44.349,16.597,4.198,moderate_to_poor
2026-10-06 15:00:00,Sahibabad,28.68,77.36,61.808,119.417,36.327,11.821,0.702,61.981,29.051,35.945,12.206,232.388,moderate_to_poor
2026-10-06 16:00:00,Sahibabad,28.68,77.36,67.932,130.176,45.552,14.918,0.952,66.712,27.412,44.842,16.846,280.452,moderate_to_poor
2026-10-06 17:00:00,Sahibabad,28.68,77.36,71.096,119.281,39.576,11.797,0.451,59.537,27.288,44.636,16.521,296.386,moderate_to_poor
2026-10-06 18:00:00,Sahibabad,28.68,77.36,81.504,164.602,48.063,9.781,0.731,66.045,25.887,48.381,13.512,245.208,moderate_to_poor
2026-10-06 19:00:00,Sahibabad,28.68,77.36,96.385,189.368,46.061,15.085,0.858,60.095,24.331,48.446,5.894,306.653,moderate_to_poor
2026-10-06 20:00:00,Sahibabad,28.68,77.36,102.041,193.566,50.4,15.626,0.953,46.547,22.258,62.657,8.494,318.178,moderate_to_poor
2026-10-06 21:00:00,Sahibabad,28.68,77.36,94.37,174.402,46.783,9.181,1.022,35.769,18.59,64.73,10.994,276.884,moderate_to_poor
2026-10-06 22:00:00,Sahibabad,28.68,77.36,106.191,182.838,41.651,16.874,1.082,32.789,16.677,75.216,4.727,334.919,moderate_to_poor
2026-10-06 23:00:00,Sahibabad,28.68,77.36,94.535,170.792,41.732,15.834,1.024,34.641,14.359,66.209,2.231,263.244,moderate_to_poor
2026-10-07 00:00:00,Sahibabad,28.68,77.36,103.575,201.335,53.235,16.307,0.916,27.613,13.142,82.802,4.681,279.807,moderate_to_poor
2026-10-07 01:00:00,Sahibabad,28.68,77.36,105.971,179.984,47.817,20.504,1.134,24.812,13.227,85.187,1.947,248.42,moderate_to_poor
2026-10-07 02:00:00,Sahibabad,28.68,77.36,100.963,198.394,41.393,13.695,0.851,14.364,12.732,73.103,0.5,282.483,moderate_to_poor
2026-10-07 03:00:00,Sahibabad,28.68,77.36,121.94,204.806,44.843,16.992,1.215,11.722,11.018,92.077,0.5,334.833,moderate_to_poor
2026-10-07 04:00:00,Sahibabad,28.68,77.36,113.791,235.349,38.572,12.686,1.212,14.063,11.071,89.812,2.713,289.477,moderate_to_poor
2026-10-07 05:00:00,Sahibabad,28.68,77.36,117.045,207.229,35.594,18.583,0.75,22.88,13.486,89.544,4.43,266.414,moderate_to_poor
2026-10-07 06:00:00,Sahibabad,28.68,77.36,124.548,231.102,38.158,12.779,0.854,26.994,14.015,81.301,0.795,260.975,moderate_to_poor
2026-10-07 07:00:00,Sahibabad,28.68,77.36,112.77,196.189,52.649,10.73,1.274,27.111,14.515,72.862,6.718,296.264,moderate_to_poor
2026-10-07 08:00:00,Sahibabad,28.68,77.36,127.886,245.51,46.276,11.99,0.863,29.567,20.103,72.968,4.967,317.507,moderate_to_poor
2026-10-07 09:00:00,Sahibabad,28.68,77.36,114.221,226.249,48.946,14.117,1.034,62.904,20.235,60.14,11.106,332.225,moderate_to_poor
2026-10-07 10:00:00,Sahibabad,28.68,77.36,113.896,208.73,52.482,13.833,1.105,46.995,22.372,67.282,11.827,348.182,moderate_to_poor
2026-10-07 11:00:00,Sahibabad,28.68,77.36,101.482,187.765,29.452,12.24,0.971,52.467,23.15,85.0,2.0,346.052,moderate_to_poor
2026-10-07 12:00:00,Sahibabad,28.68,77.36,110.237,205.156,48.658,17.57,0.911,64.381,26.993,85.0,2.0,339.782,moderate_to_poor
2026-10-07 13:00:00,Sahibabad,28.68,77.36,89.84,173.03,38.087,14.574,0.816,57.347,27.385,85.0,2.0,291.245,moderate_to_poor
2026-10-07 14:00:00,Sahibabad,28.68,77.36,99.379,163.183,51.865,19.457,1.165,59.144,29.308,85.0,2.0,299.431,moderate_to_poor
2026-10-07 15:00:00,Sahibabad,28.68,77.36,111.572,231.497,50.595,17.868,0.968,56.434,27.127,85.0,2.0,325.813,moderate_to_poor
2026-10-07 16:00:00,Sahibabad,28.68,77.36,111.925,192.289,45.919,9.115,0.906,71.45,27.498,85.0,2.0,316.62,moderate_to_poor
2026-10-07 17:00:00,Sahibabad,28.68,77.36,113.521,187.402,49.649,11.995,1.028,79.512,24.692,85.0,2.0,331.977,moderate_to_poor
2026-10-07 18:00:00,Sahibabad,28.68,77.36,148.632,297.725,53.497,12.104,1.142,40.218,26.443,85.0,2.0,199.76,moderate_to_poor
2026-10-07 19:00:00,Sahibabad,28.68,77.36,170.914,281.732,54.722,14.832,1.404,48.777,24.4,85.0,2.0,309.692,moderate_to_poor
2026-10-07 20:00:00,Sahibabad,28.68,77.36,187.572,315.771,59.347,16.102,1.26,44.42,23.504,85.0,2.0,269.775,moderate_to_poor
2026-10-07 21:00:00,Sahibabad,28.68,77.36,180.987,294.832,59.693,12.888,1.221,49.06,19.307,85.0,2.0,300.937,moderate_to_poor
2026-10-07 22:00:00,Sahibabad,28.68,77.36,175.792,339.503,63.735,11.818,1.07,28.075,18.359,85.0,2.0,330.71,moderate_to_poor
2026-10-07 23:00:00,Sahibabad,28.68,77.36,177.187,350.482,58.766,16.885,1.328,19.459,15.867,85.0,2.0,232.976,moderate_to_poor
2026-10-05 00:00:00,Kaushambi,28.645,77.32,77.515,152.088,41.176,17.245,0.628,12.067,13.386,81.227,6.575,325.876,moderate_to_poor
2026-10-05 01:00:00,Kaushambi,28.645,77.32,92.371,190.333,32.166,13.572,1.161,17.512,12.525,89.086,0.5,353.507,moderate_to_poor
2026-10-05 02:00:00,Kaushambi,28.645,77.32,91.862,151.992,51.249,15.311,1.127,21.923,12.703,84.811,0.5,325.373,moderate_to_poor
2026-10-05 03:00:00,Kaushambi,28.645,77.32,82.075,147.35,37.105,9.829,1.08,2.0,12.925,76.768,0.62,286.249,moderate_to_poor
2026-10-05 04:00:00,Kaushambi,28.645,77.32,86.283,175.262,40.259,13.537,0.956,15.563,13.56,88.449,0.594,350.197,moderate_to_poor
2026-10-05 05:00:00,Kaushambi,28.645,77.32,77.897,161.651,29.653,9.549,1.023,16.147,14.268,83.541,3.185,300.709,moderate_to_poor
2026-10-05 06:00:00,Kaushambi,28.645,77.32,72.11,123.085,40.847,17.191,1.142,29.931,14.414,81.768,1.843,275.65,moderate_to_poor
2026-10-05 07:00:00,Kaushambi,28.645,77.32,73.13,126.286,54.791,10.556,0.703,7.07,15.251,79.492,4.178,337.977,moderate_to_poor
2026-10-05 08:00:00,Kaushambi,28.645,77.32,66.4,119.348,38.008,12.042,1.011,35.222,16.07,71.857,5.892,3.147,moderate_to_poor
2026-10-05 09:00:00,Kaushambi,28.645,77.32,77.617,137.917,36.865,13.596,0.933,33.041,20.043,70.892,2.858,265.192,moderate_to_poor
2026-10-05 10:00:00,Kaushambi,28.645,77.32,57.1,100.99,35.793,11.866,0.514,47.922,23.51,59.537,14.027,275.212,moderate_to_poor
2026-10-05 11:00:00,Kaushambi,28.645,77.32,55.532,95.217,43.025,11.828,0.815,74.383,24.13,51.733,15.256,348.716,moderate_to_poor
2026-10-05 12:00:00,Kaushambi,28.645,77.32,52.066,105.939,40.531,12.691,0.867,70.827,26.53,45.37,12.693,332.504,moderate_to_poor
2026-10-05 13:00:00,Kaushambi,28.645,77.32,57.523,106.416,34.306,11.706,0.925,62.94,28.755,45.53,7.218,325.414,moderate_to_poor
2026-10-05 14:00:00,Kaushambi,28.645,77.32,49.653,94.308,40.935,15.761,0.838,50.043,27.564,45.381,15.601,354.129,moderate_to_poor
2026-10-05 15:00:00,Kaushambi,28.645,77.32,54.907,107.552,44.565,15.952,0.911,59.262,26.215,50.099,13.898,1.975,moderate_to_poor
2026-10-05 16:00:00,Kaushambi,28.645,77.32,54.638,95.004,42.164,7.161,0.829,73.304,28.599,43.156,15.848,306.629,moderate_to_poor
2026-10-05 17:00:00,Kaushambi,28.645,77.32,57.077,104.299,32.465,11.635,0.63,58.115,25.318,36.03,15.214,31.331,moderate_to_poor
2026-10-05 18:00:00,Kaushambi,28.645,77.32,77.595,125.259,45.382,15.575,0.894,47.614,24.576,44.053,9.432,41.723,moderate_to_poor
2026-10-05 19:00:00,Kaushambi,28.645,77.32,83.797,167.605,41.659,12.321,1.052,52.169,24.695,59.428,11.426,291.163,moderate_to_poor
2026-10-05 20:00:00,Kaushambi,28.645,77.32,69.483,112.089,40.066,17.96,0.839,44.03,21.116,48.658,14.127,324.478,moderate_to_poor
2026-10-05 21:00:00,Kaushambi,28.645,77.32,87.612,167.853,39.636,12.637,0.929,50.073,17.695,66.11,6.924,275.461,moderate_to_poor
2026-10-05 22:00:00,Kaushambi,28.645,77.32,79.547,138.053,33.56,8.274,0.696,25.12,16.855,70.554,9.613,335.635,moderate_to_poor
2026-10-05 23:00:00,Kaushambi,28.645,77.32,83.961,148.797,39.832,11.64,1.0,20.298,16.121,71.626,1.401,249.863,moderate_to_poor
2026-10-06 00:00:00,Kaushambi,28.645,77.32,77.139,142.596,33.195,12.949,1.028,26.207,14.479,74.83,6.41,264.821,moderate_to_poor
2026-10-06 01:00:00,Kaushambi,28.645,77.32,103.114,196.186,41.717,14.065,1.099,20.734,13.076,98.0,0.5,306.888,moderate_to_poor
2026-10-06 02:00:00,Kaushambi,28.645,77.32,102.801,173.11,46.121,10.077,1.095,16.614,14.112,88.456,1.455,323.45,moderate_to_poor
2026-10-06 03:00:00,Kaushambi,28.645,77.32,89.941,168.471,41.466,10.48,0.954,16.087,12.386,76.014,0.5,274.129,moderate_to_poor
2026-10-06 04:00:00,Kaushambi,28.645,77.32,94.96,173.05,38.779,12.611,1.152,33.367,12.053,90.32,6.116,235.266,moderate_to_poor
2026-10-06 05:00:00,Kaushambi,28.645,77.32,95.359,161.538,37.608,11.658,1.332,11.353,13.183,77.289,1.917,347.48,moderate_to_poor
2026-10-06 06:00:00,Kaushambi,28.645,77.32,95.957,198.074,46.739,19.923,0.963,19.292,15.477,78.701,4.295,285.172,moderate_to_poor
2026-10-06 07:00:00,Kaushambi,28.645,77.32,96.298,196.417,49.229,14.858,1.169,38.932,16.049,78.679,7.146,310.665,moderate_to_poor
2026-10-06 08:00:00,Kaushambi,28.645,77.32,108.33,225.132,47.604,20.521,0.959,28.526,19.001,72.226,3.86,293.724,moderate_to_poor
2026-10-06 09:00:00,Kaushambi,28.645,77.32,93.052,167.648,43.789,17.42,0.923,48.718,20.96,68.337,11.154,354.64,moderate_to_poor
2026-10-06 10:00:00,Kaushambi,28.645,77.32,81.134,162.853,35.82,16.298,0.748,49.111,22.324,59.593,13.391,255.69,moderate_to_poor
2026-10-06 11:00:00,Kaushambi,28.645,77.32,78.212,143.931,36.032,11.059,1.037,38.817,24.623,51.274,9.104,320.499,moderate_to_poor
2026-10-06 12:00:00,Kaushambi,28.645,77.32,67.05,125.674,41.129,14.389,0.826,51.656,26.76,47.518,13.102,19.086,moderate_to_poor
2026-10-06 13:00:00,Kaushambi,28.645,77.32,58.679,120.856,29.847,18.611,0.603,61.884,25.025,48.768,16.142,291.278,moderate_to_poor
2026-10-06 14:00:00,Kaushambi,28.645,77.32,62.8,119.959,36.883,15.436,0.99,50.022,27.964,40.08,13.797,296.804,moderate_to_poor
2026-10-06 15:00:00,Kaushambi,28.645,77.32,60.46,123.586,33.573,13.405,0.623,65.267,27.408,48.4,17.173,292.012,moderate_to_poor
2026-10-06 16:00:00,Kaushambi,28.645,77.32,58.254,113.01,31.026,15.536,0.901,56.729,28.729,35.635,14.085,273.83,moderate_to_poor
2026-10-06 17:00:00,Kaushambi,28.645,77.32,72.508,133.506,36.943,8.804,0.916,53.544,26.033,49.852,12.054,277.945,moderate_to_poor
2026-10-06 18:00:00,Kaushambi,28.645,77.32,72.568,152.2,48.224,10.96,0.545,97.624,27.61,47.965,13.699,321.45,moderate_to_poor
2026-10-06 19:00:00,Kaushambi,28.645,77.32,88.124,169.535,44.914,18.838,0.96,63.26,24.977,65.574,9.726,314.543,moderate_to_poor
2026-10-06 20:00:00,Kaushambi,28.645,77.32,95.443,200.345,58.252,18.881,0.944,54.492,21.909,73.019,6.906,301.563,moderate_to_poor
2026-10-06 21:00:00,Kaushambi,28.645,77.32,81.993,140.419,41.436,12.806,0.696,27.056,20.368,67.509,9.115,254.94,moderate_to_poor
2026-10-06 22:00:00,Kaushambi,28.645,77.32,83.677,139.617,44.641,7.872,1.035,21.881,19.398,61.81,3.663,238.509,moderate_to_poor
2026-10-06 23:00:00,Kaushambi,28.645,77.32,81.637,138.344,29.426,8.324,0.914,32.398,16.149,76.339,6.267,294.269,moderate_to_poor
2026-10-07 00:00:00,Kaushambi,28.645,77.32,91.169,162.217,40.112,15.749,1.018,2.0,13.352,83.608,4.679,328.912,moderate_to_poor
2026-10-07 01:00:00,Kaushambi,28.645,77.32,91.656,172.415,39.015,12.974,0.873,10.282,11.408,80.876,2.653,285.448,moderate_to_poor
2026-10-07 02:00:00,Kaushambi,28.645,77.32,104.966,219.212,42.975,11.689,1.133,7.983,12.585,94.233,1.066,332.966,moderate_to_poor
2026-10-07 03:00:00,Kaushambi,28.645,77.32,97.099,186.265,50.513,16.69,0.893,10.775,11.447,84.764,1.914,316.009,moderate_to_poor
2026-10-07 04:00:00,Kaushambi,28.645,77.32,115.62,233.674,50.459,13.824,1.284,24.459,12.574,88.755,0.5,211.59,moderate_to_poor
2026-10-07 05:00:00,Kaushambi,28.645,77.32,105.477,168.953,37.997,10.077,1.094,30.055,12.866,88.234,5.332,249.905,moderate_to_poor
2026-10-07 06:00:00,Kaushambi,28.645,77.32,106.466,188.458,39.742,14.755,0.923,27.062,15.411,65.999,0.5,279.437,moderate_to_poor
2026-10-07 07:00:00,Kaushambi,28.645,77.32,110.143,178.568,48.242,16.024,1.158,16.946,18.017,68.176,2.764,295.522,moderate_to_poor
2026-10-07 08:00:00,Kaushambi,28.645,77.32,119.252,232.302,48.968,10.136,1.092,24.118,18.355,73.663,6.704,279.839,moderate_to_poor
2026-10-07 09:00:00,Kaushambi,28.645,77.32,118.988,244.456,56.201,10.703,1.177,49.283,20.839,66.074,7.845,351.665,moderate_to_poor
2026-10-07 10:00:00,Kaushambi,28.645,77.32,114.079,220.976,38.152,10.897,0.843,52.12,23.272,68.967,10.95,348.295,moderate_to_poor
2026-10-07 11:00:00,Kaushambi,28.645,77.32,107.557,225.404,51.916,14.772,0.671,61.143,24.786,85.0,2.0,335.232,moderate_to_poor
2026-10-07 12:00:00,Kaushambi,28.645,77.32,101.807,203.024,50.981,16.132,0.981,48.571,27.18,85.0,2.0,209.564,moderate_to_poor
2026-10-07 13:00:00,Kaushambi,28.645,77.32,86.029,140.196,37.294,9.534,0.765,57.644,25.832,85.0,2.0,316.693,moderate_to_poor
2026-10-07 14:00:00,Kaushambi,28.645,77.32,97.296,185.196,42.887,10.988,1.052,73.747,28.369,85.0,2.0,303.296,moderate_to_poor
2026-10-07 15:00:00,Kaushambi,28.645,77.32,89.937,144.726,51.232,8.033,1.051,71.657,29.547,85.0,2.0,330.554,moderate_to_poor
2026-10-07 16:00:00,Kaushambi,28.645,77.32,90.502,181.546,27.018,13.161,0.749,70.853,25.544,85.0,2.0,293.463,moderate_to_poor
2026-10-07 17:00:00,Kaushambi,28.645,77.32,117.166,233.929,52.366,11.262,1.299,65.391,27.056,85.0,2.0,309.977,moderate_to_poor
2026-10-07 18:00:00,Kaushambi,28.645,77.32,137.598,224.368,58.526,14.329,1.138,51.296,25.149,85.0,2.0,315.419,moderate_to_poor
2026-10-07 19:00:00,Kaushambi,28.645,77.32,154.005,253.469,55.778,13.367,1.075,57.172,22.864,85.0,2.0,299.605,moderate_to_poor
2026-10-07 20:00:00,Kaushambi,28.645,77.32,175.235,308.214,59.699,14.915,1.412,47.558,21.683,85.0,2.0,289.258,moderate_to_poor
2026-10-07 21:00:00,Kaushambi,28.645,77.32,165.197,290.555,45.904,8.162,1.34,34.835,19.115,85.0,2.0,261.894,moderate_to_poor
2026-10-07 22:00:00,Kaushambi,28.645,77.32,143.15,290.239,40.963,13.149,1.072,27.86,16.569,85.0,2.0,295.069,moderate_to_poor
2026-10-07 23:00:00,Kaushambi,28.645,77.32,155.173,278.545,54.545,14.696,0.916,28.498,16.08,85.0,2.0,235.284,moderate_to_poor
2026-10-05 00:00:00,Noida Sector 62,28.627,77.365,86.748,144.173,41.839,15.965,0.98,13.917,14.982,82.619,3.48,263.302,moderate_to_poor
2026-10-05 01:00:00,Noida Sector 62,28.627,77.365,92.733,173.139,39.272,14.231,1.055,13.661,11.606,83.941,1.732,236.71,moderate_to_poor
2026-10-05 02:00:00,Noida Sector 62,28.627,77.365,91.2,175.021,45.231,14.806,1.132,4.169,12.707,82.239,2.053,346.666,moderate_to_poor
2026-10-05 03:00:00,Noida Sector 62,28.627,77.365,96.351,173.28,53.083,11.979,1.154,12.259,11.321,84.756,0.5,74.628,moderate_to_poor
2026-10-05 04:00:00,Noida Sector 62,28.627,77.365,95.01,164.726,52.495,7.555,1.001,29.495,12.702,83.285,3.113,286.199,moderate_to_poor
2026-10-05 05:00:00,Noida Sector 62,28.627,77.365,93.268,184.691,44.402,13.528,0.786,10.58,13.493,89.577,3.556,258.216,moderate_to_poor
2026-10-05 06:00:00,Noida Sector 62,28.627,77.365,85.535,161.297,49.5,13.9,0.845,10.715,13.519,70.575,4.683,8.046,moderate_to_poor
2026-10-05 07:00:00,Noida Sector 62,28.627,77.365,105.55,199.592,43.317,12.197,0.787,31.968,16.125,80.495,0.5,282.324,moderate_to_poor
2026-10-05 08:00:00,Noida Sector 62,28.627,77.365,100.632,192.124,43.147,21.047,1.276,37.325,17.854,71.612,3.901,297.124,moderate_to_poor
2026-10-05 09:00:00,Noida Sector 62,28.627,77.365,98.929,193.097,50.051,15.055,0.815,46.222,20.668,72.219,5.565,211.867,moderate_to_poor
2026-10-05 10:00:00,Noida Sector 62,28.627,77.365,89.727,170.202,41.23,14.447,1.013,52.183,22.501,63.267,5.568,233.401,moderate_to_poor
2026-10-05 11:00:00,Noida Sector 62,28.627,77.365,66.476,112.94,25.517,14.622,0.877,56.103,24.67,57.112,14.515,310.152,moderate_to_poor
2026-10-05 12:00:00,Noida Sector 62,28.627,77.365,59.768,117.744,43.701,14.46,0.795,61.619,26.013,49.89,12.639,277.747,moderate_to_poor
2026-10-05 13:00:00,Noida Sector 62,28.627,77.365,57.165,117.867,37.392,14.871,0.868,54.101,25.038,46.542,11.314,257.829,moderate_to_poor
2026-10-05 14:00:00,Noida Sector 62,28.627,77.365,60.986,101.929,43.004,13.628,0.663,53.189,28.433,55.13,11.992,317.524,moderate_to_poor
2026-10-05 15:00:00,Noida Sector 62,28.627,77.365,55.873,104.4,27.326,14.533,0.584,58.243,28.241,35.755,9.887,288.837,moderate_to_poor
2026-10-05 16:00:00,Noida Sector 62,28.627,77.365,59.039,113.334,40.633,18.78,0.978,51.419,30.094,40.223,8.987,291.135,moderate_to_poor
2026-10-05 17:00:00,Noida Sector 62,28.627,77.365,60.045,122.846,41.913,15.846,0.659,55.754,27.603,52.808,14.124,337.248,moderate_to_poor
2026-10-05 18:00:00,Noida Sector 62,28.627,77.365,59.739,112.722,43.106,17.178,0.867,51.531,26.574,54.015,18.313,293.165,moderate_to_poor
2026-10-05 19:00:00,Noida Sector 62,28.627,77.365,76.884,134.582,36.537,11.128,0.884,68.79,24.914,66.653,12.873,261.01,moderate_to_poor
2026-10-05 20:00:00,Noida Sector 62,28.627,77.365,76.624,141.931,33.882,9.429,0.979,54.664,22.217,55.831,9.532,334.943,moderate_to_poor
2026-10-05 21:00:00,Noida Sector 62,28.627,77.365,82.035,161.193,42.996,17.449,0.949,36.303,19.239,65.042,5.842,302.536,moderate_to_poor
2026-10-05 22:00:00,Noida Sector 62,28.627,77.365,91.522,159.568,42.806,17.761,1.06,48.512,18.165,77.284,5.775,274.372,moderate_to_poor
2026-10-05 23:00:00,Noida Sector 62,28.627,77.365,99.227,202.967,57.08,13.98,1.105,23.13,16.427,77.361,0.5,331.008,moderate_to_poor
2026-10-06 00:00:00,Noida Sector 62,28.627,77.365,100.374,194.832,39.581,15.845,0.929,15.118,13.961,86.315,3.226,250.453,moderate_to_poor
2026-10-06 01:00:00,Noida Sector 62,28.627,77.365,96.216,162.372,47.002,10.571,1.11,33.691,10.85,78.009,1.872,286.846,moderate_to_poor
2026-10-06 02:00:00,Noida Sector 62,28.627,77.365,103.897,211.629,52.58,16.933,1.215,30.731,11.343,87.326,0.5,286.338,moderate_to_poor
2026-10-06 03:00:00,Noida Sector 62,28.627,77.365,99.52,195.205,51.459,14.269,1.005,23.527,11.782,75.378,0.5,9.647,moderate_to_poor
2026-10-06 04:00:00,Noida Sector 62,28.627,77.365,102.279,183.331,39.183,18.53,1.111,20.183,14.486,92.273,3.192,357.71,moderate_to_poor
2026-10-06 05:00:00,Noida Sector 62,28.627,77.365,104.389,190.547,42.166,14.088,0.983,24.95,12.599,83.669,0.5,285.209,moderate_to_poor
2026-10-06 06:00:00,Noida Sector 62,28.627,77.365,93.637,164.122,48.229,12.906,1.118,23.117,16.91,82.338,8.604,353.028,moderate_to_poor
2026-10-06 07:00:00,Noida Sector 62,28.627,77.365,100.231,178.55,43.098,14.685,1.056,38.686,16.05,71.77,0.889,296.348,moderate_to_poor
2026-10-06 08:00:00,Noida Sector 62,28.627,77.365,90.431,186.532,50.868,12.71,0.991,50.348,17.665,71.997,8.348,327.445,moderate_to_poor
2026-10-06 09:00:00,Noida Sector 62,28.627,77.365,102.93,175.658,58.74,17.163,0.751,50.91,19.649,72.44,3.121,278.887,moderate_to_poor
2026-10-06 10:00:00,Noida Sector 62,28.627,77.365,76.962,136.155,38.584,14.373,0.972,55.529,22.789,53.188,10.446,354.779,moderate_to_poor
2026-10-06 11:00:00,Noida Sector 62,28.627,77.365,78.788,157.192,37.178,14.615,1.025,39.532,23.354,64.611,9.185,8.808,moderate_to_poor
2026-10-06 12:00:00,Noida Sector 62,28.627,77.365,63.801,128.018,45.365,11.928,1.048,64.607,25.599,53.107,11.299,289.017,moderate_to_poor
2026-10-06 13:00:00,Noida Sector 62,28.627,77.365,54.055,94.298,42.078,16.947,0.568,55.999,25.799,43.128,13.718,329.035,moderate_to_poor
2026-10-06 14:00:00,Noida Sector 62,28.627,77.365,58.641,96.811,34.074,13.484,0.519,52.416,26.451,41.747,11.408,22.265,moderate_to_poor
2026-10-06 15:00:00,Noida Sector 62,28.627,77.365,59.076,123.602,32.474,13.515,0.929,62.498,28.661,47.902,15.953,357.011,moderate_to_poor
2026-10-06 16:00:00,Noida Sector 62,28.627,77.365,62.042,118.086,31.336,12.107,1.043,56.069,25.914,42.134,14.902,294.93,moderate_to_poor
2026-10-06 17:00:00,Noida Sector 62,28.627,77.365,81.56,156.951,57.537,15.603,1.009,67.31,26.301,52.913,10.596,254.481,moderate_to_poor
2026-10-06 18:00:00,Noida Sector 62,28.627,77.365,86.648,159.001,51.822,14.852,0.805,70.874,26.083,52.114,8.773,357.832,moderate_to_poor
2026-10-06 19:00:00,Noida Sector 62,28.627,77.365,89.419,172.325,45.131,13.299,0.784,47.482,23.453,64.075,10.564,267.197,moderate_to_poor
2026-10-06 20:00:00,Noida Sector 62,28.627,77.365,84.364,166.565,43.237,11.821,0.889,48.003,21.587,62.608,10.341,281.328,moderate_to_poor
2026-10-06 21:00:00,Noida Sector 62,28.627,77.365,95.765,173.165,48.363,12.243,1.281,27.256,21.322,70.997,5.721,299.1,moderate_to_poor
2026-10-06 22:00:00,Noida Sector 62,28.627,77.365,82.806,156.765,38.729,16.865,0.926,40.882,18.811,70.866,6.371,264.727,moderate_to_poor
2026-10-06 23:00:00,Noida Sector 62,28.627,77.365,81.834,140.424,30.375,14.009,1.155,39.959,17.263,66.472,6.665,15.748,moderate_to_poor
2026-10-07 00:00:00,Noida Sector 62,28.627,77.365,81.279,142.333,37.938,15.16,0.687,17.639,13.478,78.329,4.606,295.155,moderate_to_poor
2026-10-07 01:00:00,Noida Sector 62,28.627,77.365,79.484,130.164,38.507,16.878,1.063,19.848,13.766,73.05,1.378,270.114,moderate_to_poor
2026-10-07 02:00:00,Noida Sector 62,28.627,77.365,80.938,133.28,40.651,8.789,0.86,9.253,12.224,84.057,5.296,355.482,moderate_to_poor
2026-10-07 03:00:00,Noida Sector 62,28.627,77.365,90.019,179.794,42.167,17.248,1.148,9.395,10.236,87.327,0.5,293.856,moderate_to_poor
2026-10-07 04:00:00,Noida Sector 62,28.627,77.365,85.124,170.705,45.133,10.728,1.028,17.643,11.498,79.878,0.5,271.757,moderate_to_poor
2026-10-07 05:00:00,Noida Sector 62,28.627,77.365,84.689,175.542,37.86,21.408,0.902,12.081,15.32,77.051,0.5,280.705,moderate_to_poor
2026-10-07 06:00:00,Noida Sector 62,28.627,77.365,95.807,193.155,49.606,11.29,1.172,24.99,13.684,86.426,2.496,308.438,moderate_to_poor
2026-10-07 07:00:00,Noida Sector 62,28.627,77.365,93.912,171.939,34.464,13.754,1.131,30.914,17.064,64.482,3.478,339.609,moderate_to_poor
2026-10-07 08:00:00,Noida Sector 62,28.627,77.365,105.688,174.146,47.191,13.552,1.077,30.141,18.308,78.73,5.285,26.239,moderate_to_poor
2026-10-07 09:00:00,Noida Sector 62,28.627,77.365,101.713,207.289,47.226,10.423,1.036,52.769,18.712,68.794,6.279,350.313,moderate_to_poor
2026-10-07 10:00:00,Noida Sector 62,28.627,77.365,82.773,140.243,52.434,20.784,0.791,49.914,23.789,49.625,8.055,310.833,moderate_to_poor
2026-10-07 11:00:00,Noida Sector 62,28.627,77.365,67.779,128.542,45.848,10.918,0.666,58.749,24.452,85.0,2.0,348.984,moderate_to_poor
2026-10-07 12:00:00,Noida Sector 62,28.627,77.365,56.912,117.049,28.544,6.115,0.702,83.319,25.377,85.0,2.0,340.003,moderate_to_poor
2026-10-07 13:00:00,Noida Sector 62,28.627,77.365,54.676,92.064,33.387,11.325,0.576,71.615,28.314,85.0,2.0,305.05,moderate_to_poor
2026-10-07 14:00:00,Noida Sector 62,28.627,77.365,55.266,103.706,42.278,9.457,0.817,79.505,26.209,85.0,2.0,270.93,moderate_to_poor
2026-10-07 15:00:00,Noida Sector 62,28.627,77.365,55.7,99.975,30.053,12.739,0.949,59.963,27.62,85.0,2.0,288.004,moderate_to_poor
2026-10-07 16:00:00,Noida Sector 62,28.627,77.365,75.486,123.816,51.519,9.542,0.706,50.299,28.699,85.0,2.0,309.768,moderate_to_poor
2026-10-07 17:00:00,Noida Sector 62,28.627,77.365,83.436,143.552,31.362,16.268,0.935,50.668,27.566,85.0,2.0,316.827,moderate_to_poor
2026-10-07 18:00:00,Noida Sector 62,28.627,77.365,95.393,164.277,57.174,16.509,0.882,63.467,26.47,85.0,2.0,321.146,moderate_to_poor
2026-10-07 19:00:00,Noida Sector 62,28.627,77.365,119.083,241.573,57.341,13.787,1.017,51.028,24.622,85.0,2.0,201.99,moderate_to_poor
2026-10-07 20:00:00,Noida Sector 62,28.627,77.365,113.812,191.536,48.678,22.015,0.994,50.078,22.154,85.0,2.0,307.468,moderate_to_poor
2026-10-07 21:00:00,Noida Sector 62,28.627,77.365,116.725,242.806,54.78,9.809,1.137,27.112,19.018,85.0,2.0,347.347,moderate_to_poor
2026-10-07 22:00:00,Noida Sector 62,28.627,77.365,132.033,257.027,51.497,9.443,0.709,38.594,17.16,85.0,2.0,340.66,moderate_to_poor
2026-10-07 23:00:00,Noida Sector 62,28.627,77.365,144.619,273.105,50.943,14.042,1.221,18.363,16.657,85.0,2.0,246.052,moderate_to_poor
2026-10-05 00:00:00,Muradnagar (KIET),28.777,77.509,72.843,124.607,55.056,14.896,0.685,28.34,13.691,78.786,1.929,302.743,moderate_to_poor
2026-10-05 01:00:00,Muradnagar (KIET),28.777,77.509,77.216,139.756,43.478,11.607,0.961,16.542,14.257,82.975,3.691,269.012,moderate_to_poor
2026-10-05 02:00:00,Muradnagar (KIET),28.777,77.509,88.604,175.155,42.062,12.434,1.029,22.096,9.988,90.696,0.5,293.211,moderate_to_poor
2026-10-05 03:00:00,Muradnagar (KIET),28.777,77.509,84.255,152.169,36.31,16.247,1.08,2.0,13.294,78.093,1.909,275.368,moderate_to_poor
2026-10-05 04:00:00,Muradnagar (KIET),28.777,77.509,89.52,161.445,44.089,16.732,1.127,9.841,10.236,84.373,0.5,353.021,moderate_to_poor
2026-10-05 05:00:00,Muradnagar (KIET),28.777,77.509,82.833,133.273,42.37,19.814,0.942,2.0,13.69,87.107,4.65,303.46,moderate_to_poor
2026-10-05 06:00:00,Muradnagar (KIET),28.777,77.509,73.111,123.231,33.072,13.65,0.751,14.979,14.952,71.253,6.848,298.405,moderate_to_poor
2026-10-05 07:00:00,Muradnagar (KIET),28.777,77.509,80.053,130.114,53.714,15.905,0.6,15.336,16.241,72.096,6.027,314.39,moderate_to_poor
2026-10-05 08:00:00,Muradnagar (KIET),28.777,77.509,76.615,131.139,42.896,13.688,0.972,34.658,18.355,67.545,9.272,339.377,moderate_to_poor
2026-10-05 09:00:00,Muradnagar (KIET),28.777,77.509,93.215,187.593,42.809,21.799,1.046,28.247,20.173,67.203,0.5,314.072,moderate_to_poor
2026-10-05 10:00:00,Muradnagar (KIET),28.777,77.509,73.292,136.835,49.8,19.096,0.788,46.896,22.32,65.073,10.302,313.069,moderate_to_poor
2026-10-05 11:00:00,Muradnagar (KIET),28.777,77.509,55.202,91.856,39.57,8.753,0.733,52.019,23.035,43.538,11.026,304.829,moderate_to_poor
2026-10-05 12:00:00,Muradnagar (KIET),28.777,77.509,55.622,100.378,33.722,15.647,1.085,60.677,26.967,53.655,12.698,324.085,moderate_to_poor
2026-10-05 13:00:00,Muradnagar (KIET),28.777,77.509,46.623,84.406,28.945,7.589,0.59,61.823,28.349,43.942,15.575,243.353,moderate_to_poor
2026-10-05 14:00:00,Muradnagar (KIET),28.777,77.509,45.189,87.023,36.714,20.045,0.468,63.754,27.508,30.833,12.672,291.834,moderate_to_poor
2026-10-05 15:00:00,Muradnagar (KIET),28.777,77.509,44.378,73.429,30.989,11.491,0.778,52.942,28.329,31.305,16.124,298.268,moderate_to_poor
2026-10-05 16:00:00,Muradnagar (KIET),28.777,77.509,61.06,128.201,42.922,11.971,0.735,90.796,28.599,39.002,9.075,289.347,moderate_to_poor
2026-10-05 17:00:00,Muradnagar (KIET),28.777,77.509,58.705,116.696,29.379,3.472,0.963,58.968,28.045,43.393,15.206,292.729,moderate_to_poor
2026-10-05 18:00:00,Muradnagar (KIET),28.777,77.509,72.103,131.23,37.591,12.808,0.91,66.87,25.783,56.923,13.35,4.058,moderate_to_poor
2026-10-05 19:00:00,Muradnagar (KIET),28.777,77.509,76.06,134.73,47.512,11.237,0.61,57.01,23.606,54.193,13.252,317.216,moderate_to_poor
2026-10-05 20:00:00,Muradnagar (KIET),28.777,77.509,82.974,154.63,34.827,12.427,0.941,44.705,20.612,59.977,9.316,254.873,moderate_to_poor
2026-10-05 21:00:00,Muradnagar (KIET),28.777,77.509,91.713,173.637,43.63,15.896,0.953,34.096,18.873,60.397,4.937,246.368,moderate_to_poor
2026-10-05 22:00:00,Muradnagar (KIET),28.777,77.509,85.731,176.564,49.61,16.488,1.118,32.772,19.394,71.909,10.387,344.09,moderate_to_poor
2026-10-05 23:00:00,Muradnagar (KIET),28.777,77.509,104.086,213.693,53.197,14.254,1.125,30.067,19.485,83.214,3.719,266.027,moderate_to_poor
2026-10-06 00:00:00,Muradnagar (KIET),28.777,77.509,91.808,188.546,49.025,14.756,1.084,8.013,16.099,74.119,6.286,289.87,moderate_to_poor
2026-10-06 01:00:00,Muradnagar (KIET),28.777,77.509,110.37,178.319,55.117,16.76,1.447,22.971,12.593,88.123,2.046,278.442,moderate_to_poor
2026-10-06 02:00:00,Muradnagar (KIET),28.777,77.509,111.847,231.912,60.785,14.962,1.337,9.861,12.004,87.963,1.142,308.694,moderate_to_poor
2026-10-06 03:00:00,Muradnagar (KIET),28.777,77.509,103.64,180.283,39.411,11.6,0.965,26.526,10.837,98.0,8.128,271.99,moderate_to_poor
2026-10-06 04:00:00,Muradnagar (KIET),28.777,77.509,93.58,153.755,39.068,19.715,0.904,26.107,9.999,77.137,3.988,293.427,moderate_to_poor
2026-10-06 05:00:00,Muradnagar (KIET),28.777,77.509,105.142,203.393,47.495,11.703,0.98,13.806,14.653,86.559,2.747,283.857,moderate_to_poor
2026-10-06 06:00:00,Muradnagar (KIET),28.777,77.509,86.658,165.737,45.041,15.983,0.911,11.593,14.998,74.19,7.564,342.594,moderate_to_poor
2026-10-06 07:00:00,Muradnagar (KIET),28.777,77.509,99.006,204.783,49.513,18.158,0.869,14.609,15.75,78.288,2.633,285.493,moderate_to_poor
2026-10-06 08:00:00,Muradnagar (KIET),28.777,77.509,89.648,172.101,40.872,19.46,0.992,35.208,16.396,73.98,8.334,307.175,moderate_to_poor
2026-10-06 09:00:00,Muradnagar (KIET),28.777,77.509,79.051,128.019,49.776,12.816,0.837,39.705,19.795,62.425,8.922,233.369,moderate_to_poor
2026-10-06 10:00:00,Muradnagar (KIET),28.777,77.509,69.791,117.913,43.355,12.898,0.89,61.222,21.994,63.359,11.984,278.02,moderate_to_poor
2026-10-06 11:00:00,Muradnagar (KIET),28.777,77.509,73.294,146.244,52.777,15.455,0.991,45.681,23.032,57.381,7.978,304.69,moderate_to_poor
2026-10-06 12:00:00,Muradnagar (KIET),28.777,77.509,60.434,116.169,44.419,13.663,0.86,50.076,26.455,53.318,14.715,258.772,moderate_to_poor
2026-10-06 13:00:00,Muradnagar (KIET),28.777,77.509,56.59,93.722,41.119,14.275,0.641,53.363,28.433,42.924,11.083,213.861,moderate_to_poor
2026-10-06 14:00:00,Muradnagar (KIET),28.777,77.509,53.336,107.759,30.763,16.234,0.761,67.844,27.061,49.018,14.935,283.705,moderate_to_poor
2026-10-06 15:00:00,Muradnagar (KIET),28.777,77.509,60.65,121.249,31.968,14.237,0.857,56.737,28.324,43.239,8.777,343.743,moderate_to_poor
2026-10-06 16:00:00,Muradnagar (KIET),28.777,77.509,60.404,124.998,36.41,10.476,0.781,67.651,28.479,42.311,14.757,307.839,moderate_to_poor
2026-10-06 17:00:00,Muradnagar (KIET),28.777,77.509,56.81,105.181,31.308,20.188,0.755,59.765,25.039,39.978,18.221,274.928,moderate_to_poor
2026-10-06 18:00:00,Muradnagar (KIET),28.777,77.509,69.891,128.517,28.954,13.233,0.741,48.776,24.069,41.029,10.104,245.026,moderate_to_poor
2026-10-06 19:00:00,Muradnagar (KIET),28.777,77.509,67.419,118.673,37.669,14.07,0.951,59.832,25.283,46.658,13.233,271.259,moderate_to_poor
2026-10-06 20:00:00,Muradnagar (KIET),28.777,77.509,78.143,152.535,56.946,12.127,0.988,55.556,21.709,56.903,10.023,329.355,moderate_to_poor
2026-10-06 21:00:00,Muradnagar (KIET),28.777,77.509,73.555,150.971,47.122,7.117,0.83,38.955,21.071,51.657,7.971,329.714,moderate_to_poor
2026-10-06 22:00:00,Muradnagar (KIET),28.777,77.509,76.793,127.623,34.791,8.038,1.088,40.582,19.158,65.835,9.043,298.64,moderate_to_poor
2026-10-06 23:00:00,Muradnagar (KIET),28.777,77.509,88.676,149.194,46.208,14.275,0.685,37.034,16.455,87.76,3.155,261.586,moderate_to_poor
2026-10-07 00:00:00,Muradnagar (KIET),28.777,77.509,83.866,151.8,43.274,9.232,0.723,32.198,13.791,82.83,4.012,277.872,moderate_to_poor
2026-10-07 01:00:00,Muradnagar (KIET),28.777,77.509,88.812,165.221,39.768,8.905,1.323,15.706,13.919,90.512,2.816,284.595,moderate_to_poor
2026-10-07 02:00:00,Muradnagar (KIET),28.777,77.509,81.358,141.083,44.622,14.538,1.067,26.049,14.471,74.006,1.469,242.215,moderate_to_poor
2026-10-07 03:00:00,Muradnagar (KIET),28.777,77.509,85.79,141.813,38.118,14.619,0.915,15.458,13.503,86.681,1.792,306.038,moderate_to_poor
2026-10-07 04:00:00,Muradnagar (KIET),28.777,77.509,84.835,148.684,37.536,12.966,0.991,10.274,11.73,84.157,0.5,287.418,moderate_to_poor
2026-10-07 05:00:00,Muradnagar (KIET),28.777,77.509,77.052,135.746,37.544,16.382,0.796,25.351,11.539,74.606,0.5,20.951,moderate_to_poor
2026-10-07 06:00:00,Muradnagar (KIET),28.777,77.509,79.61,136.474,31.593,11.777,1.146,18.219,15.141,76.346,5.197,306.815,moderate_to_poor
2026-10-07 07:00:00,Muradnagar (KIET),28.777,77.509,88.375,142.899,43.888,14.576,1.118,29.44,16.885,80.895,5.362,275.249,moderate_to_poor
2026-10-07 08:00:00,Muradnagar (KIET),28.777,77.509,80.455,151.448,42.215,15.608,0.784,39.123,17.143,63.968,4.929,329.403,moderate_to_poor
2026-10-07 09:00:00,Muradnagar (KIET),28.777,77.509,78.125,157.266,35.007,10.401,0.913,39.522,20.953,71.311,10.298,307.643,moderate_to_poor
2026-10-07 10:00:00,Muradnagar (KIET),28.777,77.509,63.248,102.758,43.537,10.948,0.844,38.885,21.589,51.908,8.042,229.923,moderate_to_poor
2026-10-07 11:00:00,Muradnagar (KIET),28.777,77.509,55.72,96.218,31.857,11.17,0.854,54.713,23.329,85.0,2.0,321.58,moderate_to_poor
2026-10-07 12:00:00,Muradnagar (KIET),28.777,77.509,40.828,75.785,32.252,11.032,0.542,48.06,25.945,85.0,2.0,300.763,moderate_to_poor
2026-10-07 13:00:00,Muradnagar (KIET),28.777,77.509,44.758,92.538,28.75,8.883,0.715,51.868,25.818,85.0,2.0,290.9,moderate_to_poor
2026-10-07 14:00:00,Muradnagar (KIET),28.777,77.509,45.125,93.837,38.805,19.547,0.604,71.71,27.411,85.0,2.0,287.113,moderate_to_poor
2026-10-07 15:00:00,Muradnagar (KIET),28.777,77.509,41.101,66.773,32.115,16.642,0.941,57.819,27.581,85.0,2.0,329.924,moderate_to_poor
2026-10-07 16:00:00,Muradnagar (KIET),28.777,77.509,59.493,105.498,44.339,12.724,0.944,78.519,28.24,85.0,2.0,299.009,moderate_to_poor
2026-10-07 17:00:00,Muradnagar (KIET),28.777,77.509,71.088,116.417,46.347,8.921,0.625,59.95,26.301,85.0,2.0,329.786,moderate_to_poor
2026-10-07 18:00:00,Muradnagar (KIET),28.777,77.509,84.277,156.009,46.224,19.397,0.719,62.214,24.872,85.0,2.0,321.856,moderate_to_poor
2026-10-07 19:00:00,Muradnagar (KIET),28.777,77.509,86.567,140.109,48.71,15.389,0.759,40.208,23.0,85.0,2.0,331.249,moderate_to_poor
2026-10-07 20:00:00,Muradnagar (KIET),28.777,77.509,86.375,163.139,53.548,15.67,0.93,32.042,23.14,85.0,2.0,325.075,moderate_to_poor
2026-10-07 21:00:00,Muradnagar (KIET),28.777,77.509,91.791,184.916,50.382,12.156,1.108,57.252,18.944,85.0,2.0,294.259,moderate_to_poor
2026-10-07 22:00:00,Muradnagar (KIET),28.777,77.509,80.511,165.37,43.535,13.997,1.03,45.506,18.646,85.0,2.0,295.602,moderate_to_poor
2026-10-07 23:00:00,Muradnagar (KIET),28.777,77.509,102.624,168.931,49.762,15.919,1.213,41.103,16.021,85.0,2.0,314.191,moderate_to_poor
2026-10-05 00:00:00,Indirapuram,28.646,77.369,103.655,201.689,43.844,12.365,0.924,32.208,15.335,77.292,2.773,275.869,severe
2026-10-05 01:00:00,Indirapuram,28.646,77.369,95.951,163.704,48.513,22.573,1.038,13.529,11.939,76.69,3.675,316.439,severe
2026-10-05 02:00:00,Indirapuram,28.646,77.369,109.217,195.956,52.98,15.465,0.953,11.745,12.484,88.827,2.53,295.322,severe
2026-10-05 03:00:00,Indirapuram,28.646,77.369,103.698,193.117,39.405,13.811,0.937,10.506,11.975,94.627,2.317,307.237,severe
2026-10-05 04:00:00,Indirapuram,28.646,77.369,94.723,182.593,39.694,18.485,1.27,16.677,10.972,80.768,5.593,296.305,severe
2026-10-05 05:00:00,Indirapuram,28.646,77.369,97.599,197.467,39.117,9.111,0.772,9.885,14.39,85.758,5.679,311.882,severe
2026-10-05 06:00:00,Indirapuram,28.646,77.369,95.853,175.321,44.721,21.676,0.962,27.451,16.212,75.852,4.538,20.479,severe
2026-10-05 07:00:00,Indirapuram,28.646,77.369,108.505,218.191,49.222,13.016,1.277,27.058,16.775,84.671,2.675,249.116,severe
2026-10-05 08:00:00,Indirapuram,28.646,77.369,100.133,167.011,46.522,16.472,1.131,37.123,16.798,77.075,9.747,275.951,severe
2026-10-05 09:00:00,Indirapuram,28.646,77.369,103.206,201.833,43.264,15.187,1.105,44.385,20.934,63.051,4.509,291.022,severe
2026-10-05 10:00:00,Indirapuram,28.646,77.369,91.551,188.724,36.182,17.232,0.822,48.053,21.946,59.59,8.12,340.802,severe
2026-10-05 11:00:00,Indirapuram,28.646,77.369,73.793,153.819,41.176,12.423,0.722,55.181,23.29,53.494,9.575,299.893,severe
2026-10-05 12:00:00,Indirapuram,28.646,77.369,68.984,122.111,31.093,13.597,0.798,50.724,26.971,60.942,9.806,269.338,severe
2026-10-05 13:00:00,Indirapuram,28.646,77.369,45.551,76.907,26.971,11.299,0.907,62.952,26.698,44.978,15.028,24.883,severe
2026-10-05 14:00:00,Indirapuram,28.646,77.369,57.612,99.436,29.638,12.398,0.831,71.955,26.897,51.476,12.61,236.482,severe
2026-10-05 15:00:00,Indirapuram,28.646,77.369,60.234,110.898,31.717,16.715,0.564,58.771,28.036,52.814,12.99,268.714,severe
2026-10-05 16:00:00,Indirapuram,28.646,77.369,60.048,104.911,30.34,14.646,0.704,52.132,27.26,43.73,11.225,22.777,severe
2026-10-05 17:00:00,Indirapuram,28.646,77.369,65.954,115.049,41.027,16.288,0.745,64.658,25.566,53.958,13.608,239.819,severe
2026-10-05 18:00:00,Indirapuram,28.646,77.369,72.229,140.68,37.804,14.255,0.82,71.818,26.008,44.764,12.799,273.621,severe
2026-10-05 19:00:00,Indirapuram,28.646,77.369,99.755,179.303,49.802,15.657,0.722,52.309,24.705,60.006,10.344,4.921,severe
2026-10-05 20:00:00,Indirapuram,28.646,77.369,104.975,185.867,46.937,12.143,0.967,49.804,21.535,62.936,9.545,257.556,severe
2026-10-05 21:00:00,Indirapuram,28.646,77.369,100.499,187.54,44.004,21.027,0.966,52.898,20.429,61.968,9.037,228.697,severe
2026-10-05 22:00:00,Indirapuram,28.646,77.369,106.438,177.732,55.473,12.409,1.084,32.258,18.708,71.967,7.05,294.318,severe
2026-10-05 23:00:00,Indirapuram,28.646,77.369,101.095,172.287,39.346,10.583,0.831,13.04,14.759,68.476,6.309,281.483,severe
2026-10-06 00:00:00,Indirapuram,28.646,77.369,134.786,236.555,51.666,16.425,1.303,23.79,15.191,84.978,0.5,321.853,severe
2026-10-06 01:00:00,Indirapuram,28.646,77.369,124.261,257.622,44.576,14.943,1.171,22.387,12.239,75.737,1.073,295.714,severe
2026-10-06 02:00:00,Indirapuram,28.646,77.369,134.279,262.94,55.117,18.811,1.336,16.528,13.058,90.568,2.258,244.17,severe
2026-10-06 03:00:00,Indirapuram,28.646,77.369,141.381,236.791,50.433,17.198,1.268,7.27,11.963,94.685,0.5,298.703,severe
2026-10-06 04:00:00,Indirapuram,28.646,77.369,128.846,247.971,60.275,18.913,1.152,16.197,13.136,77.859,0.5,290.647,severe
2026-10-06 05:00:00,Indirapuram,28.646,77.369,138.182,246.267,47.367,17.324,1.022,11.868,11.211,89.111,0.5,298.648,severe
2026-10-06 06:00:00,Indirapuram,28.646,77.369,116.114,220.628,49.506,14.263,0.872,21.457,14.945,76.372,8.403,2.533,severe
2026-10-06 07:00:00,Indirapuram,28.646,77.369,126.659,210.268,47.814,11.682,1.088,27.853,16.858,76.542,5.362,289.588,severe
2026-10-06 08:00:00,Indirapuram,28.646,77.369,121.529,250.705,52.391,12.341,1.281,26.297,18.231,74.613,5.441,302.102,severe
2026-10-06 09:00:00,Indirapuram,28.646,77.369,90.894,153.949,50.314,10.571,0.911,45.791,22.642,54.067,10.918,303.615,severe
2026-10-06 10:00:00,Indirapuram,28.646,77.369,77.42,137.386,45.415,11.434,1.154,44.978,21.596,47.732,12.309,314.316,severe
2026-10-06 11:00:00,Indirapuram,28.646,77.369,76.958,127.458,44.604,14.302,0.75,46.514,24.482,48.929,10.891,359.443,severe
2026-10-06 12:00:00,Indirapuram,28.646,77.369,79.248,141.788,33.659,5.118,0.764,60.689,26.872,60.039,13.573,287.858,severe
2026-10-06 13:00:00,Indirapuram,28.646,77.369,69.434,139.38,25.764,11.694,0.905,55.579,28.487,44.486,11.946,297.073,severe
2026-10-06 14:00:00,Indirapuram,28.646,77.369,69.067,113.961,34.307,16.635,0.821,72.082,27.389,51.135,16.133,282.685,severe
2026-10-06 15:00:00,Indirapuram,28.646,77.369,70.654,116.47,43.395,11.819,0.816,56.065,28.562,44.72,13.493,308.491,severe
2026-10-06 16:00:00,Indirapuram,28.646,77.369,77.907,159.095,38.365,22.531,0.791,71.57,27.996,43.432,12.263,276.439,severe
2026-10-06 17:00:00,Indirapuram,28.646,77.369,93.797,189.451,42.471,13.266,0.881,55.271,25.465,55.374,13.126,217.553,severe
2026-10-06 18:00:00,Indirapuram,28.646,77.369,107.1,224.632,56.48,13.257,0.954,45.245,25.134,50.166,9.154,237.868,severe
2026-10-06 19:00:00,Indirapuram,28.646,77.369,112.264,199.194,50.485,13.603,1.279,44.828,23.388,55.74,11.64,288.355,severe
2026-10-06 20:00:00,Indirapuram,28.646,77.369,121.09,200.074,43.844,11.078,1.293,47.177,21.721,50.787,8.671,318.574,severe
2026-10-06 21:00:00,Indirapuram,28.646,77.369,133.689,269.865,52.184,9.867,1.234,28.364,21.543,69.988,7.857,336.704,severe
2026-10-06 22:00:00,Indirapuram,28.646,77.369,131.621,262.246,50.777,17.06,1.343,32.726,16.69,66.836,6.387,228.708,severe
2026-10-06 23:00:00,Indirapuram,28.646,77.369,140.284,272.582,64.617,14.88,0.92,26.548,15.957,74.514,5.563,21.997,severe
2026-10-07 00:00:00,Indirapuram,28.646,77.369,167.914,296.024,48.826,16.017,1.565,14.274,13.906,83.217,3.145,339.235,severe
2026-10-07 01:00:00,Indirapuram,28.646,77.369,169.644,284.31,69.688,15.261,1.441,19.16,14.045,79.506,2.47,285.303,severe
2026-10-07 02:00:00,Indirapuram,28.646,77.369,199.069,368.238,69.04,9.639,1.095,17.398,11.928,82.361,2.262,304.113,severe
2026-10-07 03:00:00,Indirapuram,28.646,77.369,210.315,352.272,58.072,14.952,1.669,18.039,11.909,81.704,3.088,217.82,severe
2026-10-07 04:00:00,Indirapuram,28.646,77.369,225.746,423.554,67.063,21.309,1.618,9.425,12.221,82.779,3.131,313.734,severe
2026-10-07 05:00:00,Indirapuram,28.646,77.369,253.301,409.373,81.585,13.043,1.636,33.899,12.164,83.326,3.948,284.374,severe
2026-10-07 06:00:00,Indirapuram,28.646,77.369,279.077,498.421,69.338,16.562,1.202,20.77,12.858,73.973,0.5,271.387,severe
2026-10-07 07:00:00,Indirapuram,28.646,77.369,320.326,601.212,74.181,16.433,1.709,15.294,16.636,90.0,1.0,283.863,severe
2026-10-07 08:00:00,Indirapuram,28.646,77.369,277.234,572.31,84.622,10.842,1.602,41.259,17.309,90.0,1.0,254.23,severe
2026-10-07 09:00:00,Indirapuram,28.646,77.369,275.253,543.783,62.806,18.353,1.552,43.606,20.26,90.0,1.0,257.552,severe
2026-10-07 10:00:00,Indirapuram,28.646,77.369,252.238,429.116,83.054,10.839,1.745,39.919,22.385,90.0,1.0,306.487,severe
2026-10-07 11:00:00,Indirapuram,28.646,77.369,267.547,431.297,82.994,12.454,1.537,48.611,25.576,90.0,1.0,281.204,severe
2026-10-07 12:00:00,Indirapuram,28.646,77.369,252.91,514.597,66.535,15.262,1.317,56.354,26.555,90.0,1.0,273.823,severe
2026-10-07 13:00:00,Indirapuram,28.646,77.369,292.666,528.481,98.276,14.23,1.703,53.539,26.882,90.0,1.0,290.285,severe
2026-10-07 14:00:00,Indirapuram,28.646,77.369,278.506,453.017,88.828,13.229,1.528,66.78,28.222,90.0,1.0,322.155,severe
2026-10-07 15:00:00,Indirapuram,28.646,77.369,203.661,364.851,98.684,17.53,1.427,68.72,26.942,90.0,1.0,290.03,severe
2026-10-07 16:00:00,Indirapuram,28.646,77.369,242.419,491.552,71.525,18.317,1.164,71.451,27.749,90.0,1.0,253.398,severe
2026-10-07 17:00:00,Indirapuram,28.646,77.369,258.151,448.111,64.885,10.604,1.285,48.54,26.06,90.0,1.0,258.792,severe
2026-10-07 18:00:00,Indirapuram,28.646,77.369,299.934,497.052,76.217,12.155,1.259,56.693,26.819,90.0,1.0,271.647,severe
2026-10-07 19:00:00,Indirapuram,28.646,77.369,356.961,712.005,101.552,15.784,1.486,49.202,23.428,90.0,1.0,220.642,severe
2026-10-07 20:00:00,Indirapuram,28.646,77.369,382.619,653.825,109.615,14.845,2.28,40.981,22.607,90.0,1.0,292.946,severe
2026-10-07 21:00:00,Indirapuram,28.646,77.369,363.026,680.481,111.71,11.396,1.921,46.756,19.677,90.0,1.0,223.641,severe
2026-10-07 22:00:00,Indirapuram,28.646,77.369,317.108,563.823,107.93,16.559,1.405,38.292,18.031,90.0,1.0,252.935,severe
2026-10-07 23:00:00,Indirapuram,28.646,77.369,382.427,655.153,113.884,16.08,2.078,27.717,17.418,90.0,1.0,296.602,severe
2026-10-05 00:00:00,Vasundhara,28.66,77.37,94.293,180.654,41.098,16.305,1.015,11.81,14.774,67.967,3.634,316.653,severe
2026-10-05 01:00:00,Vasundhara,28.66,77.37,113.32,182.658,52.594,15.52,1.145,32.555,12.192,88.671,0.52,290.444,severe
2026-10-05 02:00:00,Vasundhara,28.66,77.37,106.044,206.639,47.472,13.251,1.112,2.339,11.967,84.995,0.643,273.387,severe
2026-10-05 03:00:00,Vasundhara,28.66,77.37,87.798,141.907,41.582,18.002,0.84,7.909,9.53,86.496,6.526,21.918,severe
2026-10-05 04:00:00,Vasundhara,28.66,77.37,87.952,168.95,36.829,9.47,1.044,4.936,10.248,84.432,3.677,273.966,severe
2026-10-05 05:00:00,Vasundhara,28.66,77.37,93.554,163.013,42.038,13.192,0.95,30.299,13.533,81.182,3.301,235.579,severe
2026-10-05 06:00:00,Vasundhara,28.66,77.37,106.782,181.851,51.09,18.47,1.284,29.828,12.464,87.446,5.157,308.524,severe
2026-10-05 07:00:00,Vasundhara,28.66,77.37,114.458,224.963,53.506,14.402,1.197,22.212,16.73,81.547,4.351,270.176,severe
2026-10-05 08:00:00,Vasundhara,28.66,77.37,116.534,193.962,46.841,13.895,1.203,42.651,18.961,82.019,6.269,324.601,severe
2026-10-05 09:00:00,Vasundhara,28.66,77.37,101.414,177.147,62.869,15.829,1.143,37.045,18.63,69.393,7.955,286.821,severe
2026-10-05 10:00:00,Vasundhara,28.66,77.37,84.717,167.789,51.246,12.149,0.842,41.355,22.425,55.275,9.853,305.926,severe
2026-10-05 11:00:00,Vasundhara,28.66,77.37,76.473,143.426,33.968,20.144,0.77,56.965,24.285,59.896,16.06,256.063,severe
2026-10-05 12:00:00,Vasundhara,28.66,77.37,78.64,152.475,43.613,12.618,0.878,40.136,26.544,49.559,7.444,272.887,severe
2026-10-05 13:00:00,Vasundhara,28.66,77.37,64.596,133.752,29.083,9.93,1.034,64.737,28.508,51.109,14.273,296.445,severe
2026-10-05 14:00:00,Vasundhara,28.66,77.37,73.631,127.937,43.516,14.524,0.723,60.212,28.894,51.521,11.877,298.564,severe
2026-10-05 15:00:00,Vasundhara,28.66,77.37,63.518,105.064,45.191,14.881,0.971,64.182,28.624,45.222,14.211,291.499,severe
2026-10-05 16:00:00,Vasundhara,28.66,77.37,64.088,106.704,35.294,11.915,0.761,69.312,27.939,39.481,14.097,223.371,severe
2026-10-05 17:00:00,Vasundhara,28.66,77.37,90.336,156.236,45.052,15.989,0.953,63.47,27.253,53.198,10.077,304.775,severe
2026-10-05 18:00:00,Vasundhara,28.66,77.37,90.451,180.815,43.632,12.915,0.97,52.886,25.683,52.128,10.319,300.659,severe
2026-10-05 19:00:00,Vasundhara,28.66,77.37,84.718,164.0,41.787,12.458,0.711,51.615,25.019,47.452,11.894,300.805,severe
2026-10-05 20:00:00,Vasundhara,28.66,77.37,105.352,184.236,42.096,20.392,0.883,44.296,20.84,72.388,10.094,325.679,severe
2026-10-05 21:00:00,Vasundhara,28.66,77.37,106.488,214.11,47.178,13.418,1.164,35.389,22.3,67.922,6.185,311.11,severe
2026-10-05 22:00:00,Vasundhara,28.66,77.37,102.094,199.02,53.91,12.972,1.092,21.098,17.029,71.328,6.8,292.854,severe
2026-10-05 23:00:00,Vasundhara,28.66,77.37,99.892,160.488,49.143,19.866,0.946,30.112,16.326,70.681,5.564,347.879,severe
2026-10-06 00:00:00,Vasundhara,28.66,77.37,99.702,160.234,49.619,17.92,0.98,33.452,14.659,79.458,5.752,281.407,severe
2026-10-06 01:00:00,Vasundhara,28.66,77.37,113.229,227.59,46.043,13.772,1.199,30.606,14.579,85.277,3.181,263.647,severe
2026-10-06 02:00:00,Vasundhara,28.66,77.37,128.027,216.2,59.702,19.162,1.411,16.739,11.194,86.501,0.828,299.468,severe
2026-10-06 03:00:00,Vasundhara,28.66,77.37,126.779,229.922,55.24,16.416,1.294,11.501,12.019,90.288,4.08,332.657,severe
2026-10-06 04:00:00,Vasundhara,28.66,77.37,124.983,257.499,51.714,15.046,1.138,2.0,13.28,85.099,0.5,349.617,severe
2026-10-06 05:00:00,Vasundhara,28.66,77.37,99.301,208.357,52.162,13.792,1.223,2.0,13.833,59.404,4.168,276.216,severe
2026-10-06 06:00:00,Vasundhara,28.66,77.37,127.038,238.826,48.327,15.067,1.27,33.261,14.331,77.268,3.166,299.253,severe
2026-10-06 07:00:00,Vasundhara,28.66,77.37,130.734,263.817,57.801,20.271,1.116,34.245,16.015,73.012,0.751,322.591,severe
2026-10-06 08:00:00,Vasundhara,28.66,77.37,119.346,205.469,48.302,15.96,0.942,14.446,16.392,62.362,3.663,309.68,severe
2026-10-06 09:00:00,Vasundhara,28.66,77.37,105.49,188.995,42.424,10.582,0.699,35.233,21.057,60.554,5.731,279.929,severe
2026-10-06 10:00:00,Vasundhara,28.66,77.37,89.711,178.615,46.253,9.71,0.97,31.522,22.422,53.811,10.249,291.502,severe
2026-10-06 11:00:00,Vasundhara,28.66,77.37,81.326,169.1,57.842,9.399,0.76,56.568,23.022,49.524,11.211,267.576,severe
2026-10-06 12:00:00,Vasundhara,28.66,77.37,77.295,141.034,34.61,15.288,0.823,60.997,24.284,51.805,11.387,266.161,severe
2026-10-06 13:00:00,Vasundhara,28.66,77.37,64.712,115.375,40.555,13.811,0.644,67.638,27.315,42.515,13.698,290.847,severe
2026-10-06 14:00:00,Vasundhara,28.66,77.37,67.807,128.562,44.728,14.422,0.725,68.746,28.47,53.794,16.061,318.398,severe
2026-10-06 15:00:00,Vasundhara,28.66,77.37,66.425,131.604,32.797,9.896,1.007,50.102,27.025,44.688,16.431,314.875,severe
2026-10-06 16:00:00,Vasundhara,28.66,77.37,69.421,128.676,38.28,10.396,0.951,59.629,27.008,40.776,14.252,268.286,severe
2026-10-06 17:00:00,Vasundhara,28.66,77.37,87.122,150.668,44.461,14.179,1.3,66.907,26.151,57.163,14.936,261.466,severe
2026-10-06 18:00:00,Vasundhara,28.66,77.37,91.292,189.399,43.481,19.661,0.628,54.537,25.106,48.719,15.391,272.597,severe
2026-10-06 19:00:00,Vasundhara,28.66,77.37,121.911,246.757,51.516,10.86,1.075,48.871,24.724,58.758,7.247,213.421,severe
2026-10-06 20:00:00,Vasundhara,28.66,77.37,121.079,250.033,63.31,15.293,1.148,48.784,22.836,59.286,9.32,335.669,severe
2026-10-06 21:00:00,Vasundhara,28.66,77.37,124.408,251.661,52.775,10.382,1.259,43.694,19.625,68.48,10.416,272.409,severe
2026-10-06 22:00:00,Vasundhara,28.66,77.37,123.13,216.573,57.888,8.996,1.044,29.995,17.878,67.531,10.566,355.621,severe
2026-10-06 23:00:00,Vasundhara,28.66,77.37,146.637,253.385,43.984,16.692,1.14,35.092,15.013,80.352,3.719,325.207,severe
2026-10-07 00:00:00,Vasundhara,28.66,77.37,150.325,303.413,54.958,16.405,1.274,26.19,14.701,77.754,0.5,346.879,severe
2026-10-07 01:00:00,Vasundhara,28.66,77.37,168.175,352.701,60.885,8.994,1.135,20.412,13.159,87.999,2.371,0.784,severe
2026-10-07 02:00:00,Vasundhara,28.66,77.37,169.86,307.134,65.439,16.095,1.11,20.786,11.526,87.036,0.5,249.523,severe
2026-10-07 03:00:00,Vasundhara,28.66,77.37,175.464,309.64,47.139,13.727,1.326,11.217,13.473,82.158,0.5,217.972,severe
2026-10-07 04:00:00,Vasundhara,28.66,77.37,194.118,329.598,63.711,15.119,1.15,13.05,13.315,73.418,1.117,311.133,severe
2026-10-07 05:00:00,Vasundhara,28.66,77.37,195.804,390.408,49.267,17.016,1.447,11.649,12.458,72.987,0.5,285.202,severe
2026-10-07 06:00:00,Vasundhara,28.66,77.37,216.806,423.552,60.56,13.537,1.091,22.653,14.854,82.184,1.916,288.653,severe
2026-10-07 07:00:00,Vasundhara,28.66,77.37,217.974,446.138,76.875,14.049,1.274,16.049,17.759,90.0,1.0,303.294,severe
2026-10-07 08:00:00,Vasundhara,28.66,77.37,268.606,495.708,80.671,18.252,1.453,35.781,18.904,90.0,1.0,257.372,severe
2026-10-07 09:00:00,Vasundhara,28.66,77.37,270.223,530.316,94.237,7.551,1.739,38.333,20.201,90.0,1.0,256.18,severe
2026-10-07 10:00:00,Vasundhara,28.66,77.37,271.45,524.675,85.811,8.791,1.641,48.358,22.455,90.0,1.0,260.598,severe
2026-10-07 11:00:00,Vasundhara,28.66,77.37,235.929,390.49,61.108,10.992,1.813,45.747,24.298,90.0,1.0,310.72,severe
2026-10-07 12:00:00,Vasundhara,28.66,77.37,202.312,348.697,63.533,11.496,1.759,62.34,26.391,90.0,1.0,320.197,severe
2026-10-07 13:00:00,Vasundhara,28.66,77.37,192.65,383.795,75.464,15.978,1.771,59.616,27.542,90.0,1.0,258.976,severe
2026-10-07 14:00:00,Vasundhara,28.66,77.37,212.588,443.775,69.109,8.376,1.407,66.45,26.277,90.0,1.0,301.924,severe
2026-10-07 15:00:00,Vasundhara,28.66,77.37,221.922,410.746,86.585,10.027,1.426,76.478,29.592,90.0,1.0,298.986,severe
2026-10-07 16:00:00,Vasundhara,28.66,77.37,229.356,466.88,78.786,11.713,1.152,78.189,26.986,90.0,1.0,282.613,severe
2026-10-07 17:00:00,Vasundhara,28.66,77.37,282.685,552.718,110.458,10.133,1.455,53.774,25.845,90.0,1.0,310.667,severe
2026-10-07 18:00:00,Vasundhara,28.66,77.37,319.275,518.142,56.481,16.577,1.468,57.13,26.188,90.0,1.0,271.605,severe
2026-10-07 19:00:00,Vasundhara,28.66,77.37,365.635,694.045,118.071,8.715,1.434,53.622,23.165,90.0,1.0,341.195,severe
2026-10-07 20:00:00,Vasundhara,28.66,77.37,332.94,640.904,74.605,9.406,1.818,48.625,22.07,90.0,1.0,294.776,severe
2026-10-07 21:00:00,Vasundhara,28.66,77.37,338.739,585.332,86.97,12.19,2.35,30.292,19.502,90.0,1.0,9.976,severe
2026-10-07 22:00:00,Vasundhara,28.66,77.37,332.157,574.799,90.312,11.388,2.103,36.563,19.259,90.0,1.0,296.556,severe
2026-10-07 23:00:00,Vasundhara,28.66,77.37,344.965,722.703,70.714,12.268,2.097,24.391,14.933,90.0,1.0,288.31,severe
2026-10-05 00:00:00,Raj Nagar,28.675,77.44,83.705,164.601,40.531,15.598,0.73,16.442,14.19,69.062,4.872,279.095,severe
2026-10-05 01:00:00,Raj Nagar,28.675,77.44,106.82,191.744,44.87,12.745,0.967,2.0,12.83,79.059,0.5,313.004,severe
2026-10-05 02:00:00,Raj Nagar,28.675,77.44,100.456,210.753,41.556,11.405,0.901,17.295,12.508,85.983,5.974,347.528,severe
2026-10-05 03:00:00,Raj Nagar,28.675,77.44,97.846,201.221,50.54,13.565,1.219,3.161,11.581,82.08,3.884,297.534,severe
2026-10-05 04:00:00,Raj Nagar,28.675,77.44,115.804,204.598,53.849,16.311,1.018,24.915,11.593,96.27,1.909,271.903,severe
2026-10-05 05:00:00,Raj Nagar,28.675,77.44,106.266,205.182,37.313,23.08,1.054,15.075,14.322,85.123,4.568,297.229,severe
2026-10-05 06:00:00,Raj Nagar,28.675,77.44,110.117,198.003,55.415,17.97,1.114,11.909,13.948,83.816,4.546,256.66,severe
2026-10-05 07:00:00,Raj Nagar,28.675,77.44,111.692,215.022,41.491,10.577,1.196,22.318,15.1,73.55,4.465,352.297,severe
2026-10-05 08:00:00,Raj Nagar,28.675,77.44,115.691,194.727,54.042,12.863,0.933,32.553,19.174,76.058,5.387,295.757,severe
2026-10-05 09:00:00,Raj Nagar,28.675,77.44,108.567,173.814,40.309,14.311,1.371,48.575,19.805,69.214,7.281,277.98,severe
2026-10-05 10:00:00,Raj Nagar,28.675,77.44,89.84,174.194,32.585,16.761,1.162,56.407,20.275,58.753,11.696,253.595,severe
2026-10-05 11:00:00,Raj Nagar,28.675,77.44,72.157,124.819,47.273,14.975,0.956,52.812,23.512,45.326,14.592,39.569,severe
2026-10-05 12:00:00,Raj Nagar,28.675,77.44,87.528,148.344,59.939,11.685,1.044,52.572,25.746,54.653,9.838,309.145,severe
2026-10-05 13:00:00,Raj Nagar,28.675,77.44,88.897,163.395,48.829,16.898,0.73,65.337,28.087,52.281,8.886,264.917,severe
2026-10-05 14:00:00,Raj Nagar,28.675,77.44,55.646,109.865,36.654,13.377,0.817,60.395,27.21,29.34,16.891,261.488,severe
2026-10-05 15:00:00,Raj Nagar,28.675,77.44,77.95,130.902,42.268,7.866,0.919,74.7,27.406,51.838,13.271,350.072,severe
2026-10-05 16:00:00,Raj Nagar,28.675,77.44,69.761,121.56,43.916,10.111,1.09,56.588,28.79,38.929,13.361,317.693,severe
2026-10-05 17:00:00,Raj Nagar,28.675,77.44,86.891,145.488,43.919,19.78,0.748,77.369,26.432,47.417,9.192,309.568,severe
2026-10-05 18:00:00,Raj Nagar,28.675,77.44,93.072,151.439,48.231,15.027,0.812,60.327,24.946,61.563,12.945,323.519,severe
2026-10-05 19:00:00,Raj Nagar,28.675,77.44,113.08,202.579,46.826,16.768,1.135,49.444,22.652,60.582,6.328,288.701,severe
2026-10-05 20:00:00,Raj Nagar,28.675,77.44,102.231,187.569,46.072,17.634,0.96,54.009,21.203,66.197,13.432,301.979,severe
2026-10-05 21:00:00,Raj Nagar,28.675,77.44,110.222,192.212,39.245,14.457,1.451,44.482,21.029,64.092,5.945,330.814,severe
2026-10-05 22:00:00,Raj Nagar,28.675,77.44,106.378,212.198,48.222,14.381,0.939,39.048,17.69,77.666,7.844,342.038,severe
2026-10-05 23:00:00,Raj Nagar,28.675,77.44,100.74,175.65,47.184,16.882,1.261,30.828,15.996,70.019,5.213,290.573,severe
2026-10-06 00:00:00,Raj Nagar,28.675,77.44,93.785,170.579,55.774,11.809,0.665,24.937,15.528,76.299,6.208,295.718,severe
2026-10-06 01:00:00,Raj Nagar,28.675,77.44,104.037,176.3,57.947,11.053,1.149,27.62,12.754,76.341,1.333,319.917,severe
2026-10-06 02:00:00,Raj Nagar,28.675,77.44,102.839,188.331,49.407,11.941,1.23,11.195,11.244,78.277,0.5,336.076,severe
2026-10-06 03:00:00,Raj Nagar,28.675,77.44,101.605,166.045,43.691,14.41,0.795,23.533,13.41,94.267,7.118,281.966,severe
2026-10-06 04:00:00,Raj Nagar,28.675,77.44,109.819,217.286,53.072,11.087,0.734,12.404,11.382,86.769,0.5,287.515,severe
2026-10-06 05:00:00,Raj Nagar,28.675,77.44,102.075,203.275,49.265,14.421,0.651,23.617,14.334,86.051,4.245,317.789,severe
2026-10-06 06:00:00,Raj Nagar,28.675,77.44,113.99,185.285,51.219,16.203,1.119,34.565,13.64,86.678,1.699,279.323,severe
2026-10-06 07:00:00,Raj Nagar,28.675,77.44,123.091,234.464,43.69,17.965,1.089,37.113,15.912,90.499,1.396,343.063,severe
2026-10-06 08:00:00,Raj Nagar,28.675,77.44,91.833,160.995,49.114,16.196,0.983,32.499,18.08,61.85,6.345,297.265,severe
2026-10-06 09:00:00,Raj Nagar,28.675,77.44,86.155,153.116,53.142,20.896,1.168,26.797,18.609,56.83,9.259,296.564,severe
2026-10-06 10:00:00,Raj Nagar,28.675,77.44,91.64,179.117,44.391,11.092,0.975,53.511,21.668,56.821,6.683,304.079,severe
2026-10-06 11:00:00,Raj Nagar,28.675,77.44,79.544,141.684,43.344,12.552,0.878,44.305,24.066,59.652,11.306,339.937,severe
2026-10-06 12:00:00,Raj Nagar,28.675,77.44,70.594,134.019,40.994,15.422,0.741,59.514,24.823,46.828,10.479,252.47,severe
2026-10-06 13:00:00,Raj Nagar,28.675,77.44,80.73,162.757,37.368,15.383,1.09,58.516,27.034,66.423,13.373,288.326,severe
2026-10-06 14:00:00,Raj Nagar,28.675,77.44,61.381,114.539,40.613,9.259,0.862,70.757,27.564,48.476,18.165,320.994,severe
2026-10-06 15:00:00,Raj Nagar,28.675,77.44,73.377,148.976,47.138,13.849,0.805,58.955,27.272,45.331,13.805,277.514,severe
2026-10-06 16:00:00,Raj Nagar,28.675,77.44,71.062,128.846,46.443,15.516,0.979,54.684,27.412,43.436,17.34,304.889,severe
2026-10-06 17:00:00,Raj Nagar,28.675,77.44,99.03,181.261,47.173,19.08,0.881,44.838,27.985,48.555,10.114,291.908,severe
2026-10-06 18:00:00,Raj Nagar,28.675,77.44,101.001,203.373,41.637,18.164,0.901,59.655,25.295,52.759,12.037,358.747,severe
2026-10-06 19:00:00,Raj Nagar,28.675,77.44,110.293,230.132,41.872,16.401,1.088,49.531,23.282,54.211,10.825,317.125,severe
2026-10-06 20:00:00,Raj Nagar,28.675,77.44,107.583,213.725,50.383,17.016,0.821,40.705,22.982,61.149,13.053,274.162,severe
2026-10-06 21:00:00,Raj Nagar,28.675,77.44,130.259,232.762,50.671,12.736,0.907,39.037,20.62,75.769,10.422,7.24,severe
2026-10-06 22:00:00,Raj Nagar,28.675,77.44,124.747,251.33,43.835,17.475,1.062,36.018,18.324,66.868,5.78,253.081,severe
2026-10-06 23:00:00,Raj Nagar,28.675,77.44,131.935,233.644,53.401,19.533,1.138,31.645,15.065,80.063,7.088,271.943,severe
2026-10-07 00:00:00,Raj Nagar,28.675,77.44,135.667,269.67,67.154,13.579,1.047,11.268,13.986,80.343,5.083,280.488,severe
2026-10-07 01:00:00,Raj Nagar,28.675,77.44,153.293,299.83,49.595,12.962,1.141,23.959,12.548,73.809,1.18,195.094,severe
2026-10-07 02:00:00,Raj Nagar,28.675,77.44,177.989,300.407,54.974,13.521,1.372,22.201,11.442,82.252,0.742,233.798,severe
2026-10-07 03:00:00,Raj Nagar,28.675,77.44,185.537,373.779,66.266,13.943,1.132,2.0,10.906,79.781,0.728,298.082,severe
2026-10-07 04:00:00,Raj Nagar,28.675,77.44,203.487,424.581,55.894,10.435,0.905,20.102,11.0,86.815,4.903,322.12,severe
2026-10-07 05:00:00,Raj Nagar,28.675,77.44,226.202,406.206,69.461,11.135,1.608,24.12,14.36,85.374,4.249,301.714,severe
2026-10-07 06:00:00,Raj Nagar,28.675,77.44,240.295,470.119,69.34,10.354,1.155,18.145,15.658,82.262,4.903,333.208,severe
2026-10-07 07:00:00,Raj Nagar,28.675,77.44,240.183,433.772,83.766,18.006,1.259,18.055,16.629,90.0,1.0,310.353,severe
2026-10-07 08:00:00,Raj Nagar,28.675,77.44,277.741,540.331,85.332,16.439,1.202,34.771,17.127,90.0,1.0,286.839,severe
2026-10-07 09:00:00,Raj Nagar,28.675,77.44,289.159,539.747,75.878,11.238,1.664,29.617,17.295,90.0,1.0,304.025,severe
2026-10-07 10:00:00,Raj Nagar,28.675,77.44,260.052,464.808,82.031,16.106,1.658,54.678,22.321,90.0,1.0,325.702,severe
2026-10-07 11:00:00,Raj Nagar,28.675,77.44,249.933,422.542,82.107,14.065,1.865,52.777,23.22,90.0,1.0,306.221,severe
2026-10-07 12:00:00,Raj Nagar,28.675,77.44,250.96,412.25,77.775,15.53,1.901,70.067,25.368,90.0,1.0,311.962,severe
2026-10-07 13:00:00,Raj Nagar,28.675,77.44,195.263,406.192,99.403,16.297,1.683,56.77,28.946,90.0,1.0,346.531,severe
2026-10-07 14:00:00,Raj Nagar,28.675,77.44,247.788,476.43,82.777,11.009,1.544,69.747,25.918,90.0,1.0,345.043,severe
2026-10-07 15:00:00,Raj Nagar,28.675,77.44,231.787,433.443,107.387,14.856,1.571,66.188,27.462,90.0,1.0,255.109,severe
2026-10-07 16:00:00,Raj Nagar,28.675,77.44,248.018,434.676,88.666,12.624,1.594,58.478,26.607,90.0,1.0,214.958,severe
2026-10-07 17:00:00,Raj Nagar,28.675,77.44,252.047,484.087,90.977,9.364,1.471,54.828,26.901,90.0,1.0,255.492,severe
2026-10-07 18:00:00,Raj Nagar,28.675,77.44,269.315,483.583,120.804,14.499,1.797,63.248,26.571,90.0,1.0,282.461,severe
2026-10-07 19:00:00,Raj Nagar,28.675,77.44,324.596,536.719,114.291,12.213,1.816,59.644,23.583,90.0,1.0,319.417,severe
2026-10-07 20:00:00,Raj Nagar,28.675,77.44,373.056,683.191,90.005,11.978,1.755,53.053,21.281,90.0,1.0,278.865,severe
2026-10-07 21:00:00,Raj Nagar,28.675,77.44,340.242,643.832,98.959,16.193,2.021,36.006,19.409,90.0,1.0,229.686,severe
2026-10-07 22:00:00,Raj Nagar,28.675,77.44,365.496,616.795,90.56,16.314,1.888,29.44,17.758,90.0,1.0,308.423,severe
2026-10-07 23:00:00,Raj Nagar,28.675,77.44,402.599,690.939,96.104,11.148,2.077,49.724,16.583,90.0,1.0,309.413,severe
2026-10-05 00:00:00,Loni,28.75,77.285,131.911,247.232,56.546,19.979,1.12,25.254,15.955,68.335,5.025,263.649,severe
2026-10-05 01:00:00,Loni,28.75,77.285,151.671,261.477,45.524,14.316,1.098,14.765,13.918,86.103,4.405,16.876,severe
2026-10-05 02:00:00,Loni,28.75,77.285,160.355,321.024,39.882,19.721,1.364,16.944,12.574,84.959,3.178,48.019,severe
2026-10-05 03:00:00,Loni,28.75,77.285,154.934,288.843,49.473,20.366,1.214,17.012,13.842,82.366,4.236,303.684,severe
2026-10-05 04:00:00,Loni,28.75,77.285,162.93,330.33,55.877,16.587,1.025,15.01,12.921,83.46,2.594,326.43,severe
2026-10-05 05:00:00,Loni,28.75,77.285,180.642,305.175,61.488,14.277,1.195,16.826,12.35,87.268,1.936,306.757,severe
2026-10-05 06:00:00,Loni,28.75,77.285,181.879,360.056,65.616,11.047,1.197,29.822,16.474,73.916,0.5,289.262,severe
2026-10-05 07:00:00,Loni,28.75,77.285,175.831,348.983,65.166,17.179,1.292,17.595,16.414,71.914,0.5,300.251,severe
2026-10-05 08:00:00,Loni,28.75,77.285,157.169,321.72,56.066,20.611,1.05,34.568,18.061,71.407,4.369,241.77,severe
2026-10-05 09:00:00,Loni,28.75,77.285,165.862,269.979,59.293,13.943,1.367,44.003,18.431,68.085,2.988,266.483,severe
2026-10-05 10:00:00,Loni,28.75,77.285,149.36,297.5,44.81,19.001,1.208,50.437,23.291,62.097,6.981,312.906,severe
2026-10-05 11:00:00,Loni,28.75,77.285,135.906,230.357,53.528,13.782,1.046,43.776,23.215,68.887,11.135,352.954,severe
2026-10-05 12:00:00,Loni,28.75,77.285,121.699,214.004,51.077,17.28,1.028,49.554,24.706,53.605,10.628,301.881,severe
2026-10-05 13:00:00,Loni,28.75,77.285,105.745,208.393,48.552,17.468,0.896,50.391,25.492,53.714,14.539,49.999,severe
2026-10-05 14:00:00,Loni,28.75,77.285,87.645,175.405,31.171,13.039,0.909,55.708,27.796,29.607,11.967,265.429,severe
2026-10-05 15:00:00,Loni,28.75,77.285,111.917,233.301,44.81,16.43,0.958,68.553,27.25,56.628,14.997,310.191,severe
2026-10-05 16:00:00,Loni,28.75,77.285,115.804,191.701,50.595,14.399,1.183,68.317,26.885,52.924,12.618,337.566,severe
2026-10-05 17:00:00,Loni,28.75,77.285,122.348,195.877,34.596,12.543,0.815,58.578,25.995,37.624,5.496,281.078,severe
2026-10-05 18:00:00,Loni,28.75,77.285,104.044,200.65,42.84,8.275,0.883,55.04,25.304,42.906,16.833,347.599,severe
2026-10-05 19:00:00,Loni,28.75,77.285,140.466,274.539,47.339,10.289,1.149,42.701,22.677,54.027,10.067,28.363,severe
2026-10-05 20:00:00,Loni,28.75,77.285,149.215,287.969,54.277,12.195,0.847,55.713,22.514,61.584,7.967,251.502,severe
2026-10-05 21:00:00,Loni,28.75,77.285,158.96,296.498,53.87,21.11,1.328,15.562,19.194,69.579,4.102,287.517,severe
2026-10-05 22:00:00,Loni,28.75,77.285,142.643,263.911,47.608,15.966,1.183,43.604,17.014,73.563,7.753,244.044,severe
2026-10-05 23:00:00,Loni,28.75,77.285,130.366,221.368,44.436,15.285,1.189,38.517,14.435,67.709,7.471,242.874,severe
2026-10-06 00:00:00,Loni,28.75,77.285,154.035,301.407,54.661,15.489,0.78,18.495,16.153,80.413,2.253,351.123,severe
2026-10-06 01:00:00,Loni,28.75,77.285,157.919,311.473,47.299,12.863,1.35,22.305,12.843,87.15,1.715,331.929,severe
2026-10-06 02:00:00,Loni,28.75,77.285,148.151,297.582,51.004,15.353,1.385,22.176,11.805,82.982,4.008,268.467,severe
2026-10-06 03:00:00,Loni,28.75,77.285,157.366,290.391,49.571,12.392,1.284,14.573,11.066,83.74,0.5,331.613,severe
2026-10-06 04:00:00,Loni,28.75,77.285,150.19,262.578,52.709,16.977,1.333,14.535,13.629,90.238,5.759,233.71,severe
2026-10-06 05:00:00,Loni,28.75,77.285,149.039,292.178,45.055,10.849,1.179,23.874,13.397,78.229,4.807,304.43,severe
2026-10-06 06:00:00,Loni,28.75,77.285,159.012,306.773,52.474,14.884,1.252,14.987,15.197,74.935,4.357,286.394,severe
2026-10-06 07:00:00,Loni,28.75,77.285,179.155,341.606,56.507,18.739,1.325,25.144,16.562,79.349,2.278,305.305,severe
2026-10-06 08:00:00,Loni,28.75,77.285,161.063,316.969,60.581,17.635,1.648,40.949,18.622,68.133,7.803,284.062,severe
2026-10-06 09:00:00,Loni,28.75,77.285,170.456,328.102,59.705,16.441,1.241,43.991,19.609,70.389,4.611,275.717,severe
2026-10-06 10:00:00,Loni,28.75,77.285,132.739,268.064,60.723,14.767,1.018,46.242,22.729,53.495,10.25,338.965,severe
2026-10-06 11:00:00,Loni,28.75,77.285,145.323,287.364,51.909,19.211,1.052,57.772,24.944,53.271,6.341,296.501,severe
2026-10-06 12:00:00,Loni,28.75,77.285,111.03,220.944,48.747,14.287,1.204,52.729,26.438,48.514,14.773,317.401,severe
2026-10-06 13:00:00,Loni,28.75,77.285,114.83,211.594,39.7,11.824,0.931,61.388,27.664,56.439,16.768,268.477,severe
2026-10-06 14:00:00,Loni,28.75,77.285,113.211,236.944,55.415,15.028,1.1,76.826,27.718,41.673,11.956,227.757,severe
2026-10-06 15:00:00,Loni,28.75,77.285,110.279,204.467,54.992,13.356,0.901,84.942,27.802,47.528,16.834,286.16,severe
2026-10-06 16:00:00,Loni,28.75,77.285,131.995,260.332,49.093,13.679,1.264,62.068,28.299,45.579,10.395,246.828,severe
2026-10-06 17:00:00,Loni,28.75,77.285,128.713,230.524,53.849,15.017,1.168,70.617,27.382,45.475,12.526,289.86,severe
2026-10-06 18:00:00,Loni,28.75,77.285,151.345,304.691,50.614,11.93,1.219,51.102,25.76,57.771,13.25,337.749,severe
2026-10-06 19:00:00,Loni,28.75,77.285,169.811,308.316,50.092,11.406,1.478,52.568,24.935,59.202,11.396,270.252,severe
2026-10-06 20:00:00,Loni,28.75,77.285,184.604,312.524,57.155,13.43,1.03,44.128,22.335,64.022,9.025,356.976,severe
2026-10-06 21:00:00,Loni,28.75,77.285,181.107,361.31,62.483,8.94,1.549,35.409,19.077,64.316,9.448,308.762,severe
2026-10-06 22:00:00,Loni,28.75,77.285,188.358,393.595,60.495,19.689,1.483,41.832,16.937,69.633,8.411,30.786,severe
2026-10-06 23:00:00,Loni,28.75,77.285,226.199,380.815,64.571,21.064,1.544,26.747,16.483,81.343,4.996,302.617,severe
2026-10-07 00:00:00,Loni,28.75,77.285,254.256,472.841,79.925,16.564,1.459,26.426,13.799,87.526,3.116,319.318,severe
2026-10-07 01:00:00,Loni,28.75,77.285,266.619,542.306,71.741,13.164,1.665,34.746,14.791,80.713,0.5,214.449,severe
2026-10-07 02:00:00,Loni,28.75,77.285,272.878,517.434,85.144,17.954,1.525,11.587,12.433,81.87,1.556,271.9,severe
2026-10-07 03:00:00,Loni,28.75,77.285,297.754,542.407,79.746,17.227,1.619,21.272,11.27,77.206,0.652,281.337,severe
2026-10-07 04:00:00,Loni,28.75,77.285,298.285,620.858,78.547,20.62,2.016,11.31,11.066,78.128,4.355,7.705,severe
2026-10-07 05:00:00,Loni,28.75,77.285,366.468,746.981,89.031,12.487,1.583,17.472,14.403,86.084,2.867,268.739,severe
2026-10-07 06:00:00,Loni,28.75,77.285,320.676,554.969,71.945,11.615,1.383,32.548,12.754,68.837,6.6,347.665,severe
2026-10-07 07:00:00,Loni,28.75,77.285,433.618,887.324,86.063,12.494,1.853,26.235,16.074,90.0,1.0,354.972,severe
2026-10-07 08:00:00,Loni,28.75,77.285,360.433,625.178,82.284,14.094,1.43,33.764,18.439,90.0,1.0,258.545,severe
2026-10-07 09:00:00,Loni,28.75,77.285,380.501,745.708,107.198,11.75,1.525,42.502,18.288,90.0,1.0,324.794,severe
2026-10-07 10:00:00,Loni,28.75,77.285,361.01,628.521,86.972,15.659,1.683,40.867,20.907,90.0,1.0,301.385,severe
2026-10-07 11:00:00,Loni,28.75,77.285,334.481,614.758,77.339,20.288,1.665,46.704,23.157,90.0,1.0,324.69,severe
2026-10-07 12:00:00,Loni,28.75,77.285,293.574,593.5,89.167,17.544,1.955,67.097,27.753,90.0,1.0,304.443,severe
2026-10-07 13:00:00,Loni,28.75,77.285,321.316,662.755,85.634,8.989,1.391,70.997,26.895,90.0,1.0,285.577,severe
2026-10-07 14:00:00,Loni,28.75,77.285,328.321,643.212,83.804,14.835,1.715,75.012,28.083,90.0,1.0,253.866,severe
2026-10-07 15:00:00,Loni,28.75,77.285,325.399,621.929,75.945,14.117,1.172,60.196,29.68,90.0,1.0,338.848,severe
2026-10-07 16:00:00,Loni,28.75,77.285,306.98,533.546,68.448,15.872,1.78,68.195,27.404,90.0,1.0,247.348,severe
2026-10-07 17:00:00,Loni,28.75,77.285,410.51,714.856,104.384,14.159,1.925,75.578,24.687,90.0,1.0,337.28,severe
2026-10-07 18:00:00,Loni,28.75,77.285,405.605,706.274,87.698,12.727,1.521,66.815,23.171,90.0,1.0,278.276,severe
2026-10-07 19:00:00,Loni,28.75,77.285,502.727,1011.108,85.612,13.718,2.101,46.222,22.977,90.0,1.0,1.149,severe
2026-10-07 20:00:00,Loni,28.75,77.285,618.539,1088.023,131.316,9.405,2.076,49.697,22.716,90.0,1.0,340.753,severe
2026-10-07 21:00:00,Loni,28.75,77.285,478.303,998.365,95.063,13.338,1.109,28.764,21.624,90.0,1.0,336.797,severe
2026-10-07 22:00:00,Loni,28.75,77.285,500.951,805.115,107.069,14.082,1.495,38.344,18.504,90.0,1.0,303.47,severe
2026-10-07 23:00:00,Loni,28.75,77.285,665.631,1283.948,116.242,18.419,1.798,35.645,15.358,90.0,1.0,324.236,severe
2026-10-05 00:00:00,Sahibabad,28.68,77.36,105.256,201.48,37.216,19.304,1.096,41.116,13.702,78.492,5.002,226.609,severe
2026-10-05 01:00:00,Sahibabad,28.68,77.36,118.03,205.571,58.274,15.338,0.982,15.125,12.086,78.779,1.752,238.874,severe
2026-10-05 02:00:00,Sahibabad,28.68,77.36,123.855,250.045,50.565,8.351,0.753,16.887,13.117,90.929,1.057,331.867,severe
2026-10-05 03:00:00,Sahibabad,28.68,77.36,110.655,219.163,44.071,13.02,0.986,23.987,12.191,87.635,5.091,284.202,severe
2026-10-05 04:00:00,Sahibabad,28.68,77.36,109.251,221.096,54.367,9.385,1.113,12.647,12.6,84.669,0.527,321.097,severe
2026-10-05 05:00:00,Sahibabad,28.68,77.36,114.87,233.617,51.69,18.726,0.926,17.285,10.331,81.076,4.647,306.394,severe
2026-10-05 06:00:00,Sahibabad,28.68,77.36,102.96,179.294,51.678,18.193,1.132,24.547,13.443,76.991,8.635,266.472,severe
2026-10-05 07:00:00,Sahibabad,28.68,77.36,108.9,192.656,42.791,13.948,1.065,26.529,15.819,70.888,6.309,249.054,severe
2026-10-05 08:00:00,Sahibabad,28.68,77.36,104.312,200.138,51.2,16.343,0.856,25.379,20.637,63.414,5.069,258.977,severe
2026-10-05 09:00:00,Sahibabad,28.68,77.36,104.758,177.5,39.99,16.775,0.927,42.202,19.882,68.971,10.127,327.603,severe
2026-10-05 10:00:00,Sahibabad,28.68,77.36,107.417,174.72,48.03,15.102,0.809,67.977,21.957,63.335,4.629,254.145,severe
2026-10-05 11:00:00,Sahibabad,28.68,77.36,82.612,148.455,46.295,15.137,0.932,56.534,24.198,52.023,11.281,214.666,severe
2026-10-05 12:00:00,Sahibabad,28.68,77.36,75.218,125.284,44.971,19.852,1.002,65.235,27.24,45.035,10.07,326.701,severe
2026-10-05 13:00:00,Sahibabad,28.68,77.36,69.581,129.937,36.705,12.372,0.729,58.601,27.834,43.95,12.704,326.091,severe
2026-10-05 14:00:00,Sahibabad,28.68,77.36,77.731,157.873,30.466,9.989,0.984,57.077,28.767,48.152,8.526,311.332,severe
2026-10-05 15:00:00,Sahibabad,28.68,77.36,74.609,129.961,36.755,12.427,0.922,64.302,28.559,51.684,16.767,242.08,severe
2026-10-05 16:00:00,Sahibabad,28.68,77.36,80.292,167.157,49.169,12.331,0.836,55.049,26.911,38.2,10.47,18.612,severe
2026-10-05 17:00:00,Sahibabad,28.68,77.36,93.014,168.277,39.441,15.386,0.66,70.261,28.626,51.805,13.426,273.667,severe
2026-10-05 18:00:00,Sahibabad,28.68,77.36,103.648,193.497,47.216,20.206,0.59,70.222,23.425,59.726,13.319,306.18,severe
2026-10-05 19:00:00,Sahibabad,28.68,77.36,105.716,177.011,42.904,14.868,1.035,83.668,24.78,59.198,12.873,287.944,severe
2026-10-05 20:00:00,Sahibabad,28.68,77.36,112.915,182.698,50.054,18.868,1.169,36.224,20.321,55.277,6.969,293.303,severe
2026-10-05 21:00:00,Sahibabad,28.68,77.36,112.922,218.293,48.942,8.392,1.078,41.863,21.778,58.137,7.608,327.24,severe
2026-10-05 22:00:00,Sahibabad,28.68,77.36,116.835,234.856,49.541,16.986,0.87,42.575,17.672,69.059,6.401,322.49,severe
2026-10-05 23:00:00,Sahibabad,28.68,77.36,119.443,209.298,40.678,13.74,1.092,16.77,15.102,83.638,5.012,236.422,severe
2026-10-06 00:00:00,Sahibabad,28.68,77.36,120.601,214.81,40.843,15.867,1.054,22.354,14.943,83.637,4.108,305.614,severe
2026-10-06 01:00:00,Sahibabad,28.68,77.36,114.574,225.014,42.211,18.298,1.206,3.617,11.734,81.011,5.588,253.32,severe
2026-10-06 02:00:00,Sahibabad,28.68,77.36,132.515,236.664,49.511,18.938,0.985,4.193,12.396,91.699,0.681,215.002,severe
2026-10-06 03:00:00,Sahibabad,28.68,77.36,116.584,188.185,46.593,13.068,0.735,8.17,12.374,82.417,0.5,202.089,severe
2026-10-06 04:00:00,Sahibabad,28.68,77.36,112.239,208.356,38.26,17.494,1.241,15.607,12.181,81.668,5.463,313.81,severe
2026-10-06 05:00:00,Sahibabad,28.68,77.36,116.99,238.099,61.318,15.32,1.158,28.619,13.595,80.906,6.992,298.863,severe
2026-10-06 06:00:00,Sahibabad,28.68,77.36,102.625,179.19,35.601,13.305,0.963,34.809,14.881,72.091,8.19,324.518,severe
2026-10-06 07:00:00,Sahibabad,28.68,77.36,115.373,212.767,50.823,15.946,0.97,15.926,16.22,70.609,4.794,317.368,severe
2026-10-06 08:00:00,Sahibabad,28.68,77.36,113.24,220.262,53.939,10.56,0.76,33.77,19.485,60.986,6.241,312.927,severe
2026-10-06 09:00:00,Sahibabad,28.68,77.36,116.443,205.872,44.785,5.9,0.993,34.434,19.027,59.766,6.271,265.92,severe
2026-10-06 10:00:00,Sahibabad,28.68,77.36,128.305,236.656,44.032,17.166,1.337,41.252,21.822,78.828,8.165,319.377,severe
2026-10-06 11:00:00,Sahibabad,28.68,77.36,102.46,198.083,40.923,12.023,0.914,64.551,24.74,59.869,10.207,252.871,severe
2026-10-06 12:00:00,Sahibabad,28.68,77.36,85.303,170.628,52.875,18.367,0.893,62.367,24.611,48.933,13.378,279.497,severe
2026-10-06 13:00:00,Sahibabad,28.68,77.36,87.617,160.474,41.989,12.566,1.029,74.495,24.313,45.919,12.433,299.144,severe
2026-10-06 14:00:00,Sahibabad,28.68,77.36,84.806,161.362,39.63,7.807,0.605,74.383,27.993,40.332,11.593,347.931,severe
2026-10-06 15:00:00,Sahibabad,28.68,77.36,97.17,175.087,42.212,12.642,1.038,62.568,29.23,52.366,10.335,331.977,severe
2026-10-06 16:00:00,Sahibabad,28.68,77.36,79.187,142.254,31.299,15.472,0.895,62.372,28.164,41.375,17.783,319.555,severe
2026-10-06 17:00:00,Sahibabad,28.68,77.36,102.9,171.693,53.326,11.117,1.177,81.652,26.785,48.338,13.145,11.994,severe
2026-10-06 18:00:00,Sahibabad,28.68,77.36,117.787,202.747,44.781,15.526,0.946,67.135,25.097,49.466,12.621,22.102,severe
2026-10-06 19:00:00,Sahibabad,28.68,77.36,157.25,269.286,52.211,13.047,1.348,46.028,23.403,55.923,5.535,310.259,severe
2026-10-06 20:00:00,Sahibabad,28.68,77.36,145.451,281.354,50.864,16.793,0.913,54.778,23.319,52.073,6.576,341.977,severe
2026-10-06 21:00:00,Sahibabad,28.68,77.36,146.381,264.669,47.49,8.471,1.027,39.653,22.371,67.018,9.414,304.628,severe
2026-10-06 22:00:00,Sahibabad,28.68,77.36,157.048,267.605,47.191,19.738,1.331,49.553,18.647,63.174,2.722,304.254,severe
2026-10-06 23:00:00,Sahibabad,28.68,77.36,177.122,354.713,45.054,14.477,1.259,24.371,15.555,75.135,3.044,284.784,severe
2026-10-07 00:00:00,Sahibabad,28.68,77.36,204.767,372.414,63.899,13.121,1.358,22.278,14.865,87.352,3.559,275.73,severe
2026-10-07 01:00:00,Sahibabad,28.68,77.36,219.197,424.274,61.311,17.535,1.372,31.618,13.129,86.281,0.5,337.781,severe
2026-10-07 02:00:00,Sahibabad,28.68,77.36,214.66,427.896,56.186,14.828,1.42,12.405,12.094,85.22,4.157,347.036,severe
2026-10-07 03:00:00,Sahibabad,28.68,77.36,210.741,380.632,71.435,13.23,1.554,2.0,11.432,73.802,1.843,303.105,severe
2026-10-07 04:00:00,Sahibabad,28.68,77.36,262.086,505.441,79.393,14.031,1.564,37.461,11.306,94.464,1.055,292.81,severe
2026-10-07 05:00:00,Sahibabad,28.68,77.36,282.83,457.898,51.774,13.306,1.593,37.676,12.664,89.094,2.818,285.242,severe
2026-10-07 06:00:00,Sahibabad,28.68,77.36,280.838,526.633,70.508,16.697,1.242,18.954,13.011,77.369,2.789,295.803,severe
2026-10-07 07:00:00,Sahibabad,28.68,77.36,282.295,472.283,66.739,17.192,1.238,31.916,16.794,90.0,1.0,277.399,severe
2026-10-07 08:00:00,Sahibabad,28.68,77.36,311.525,542.531,83.657,15.654,1.526,47.614,19.001,90.0,1.0,313.096,severe
2026-10-07 09:00:00,Sahibabad,28.68,77.36,274.168,565.042,72.866,13.176,1.303,43.988,19.629,90.0,1.0,264.102,severe
2026-10-07 10:00:00,Sahibabad,28.68,77.36,295.825,548.416,93.011,20.33,1.438,35.126,23.106,90.0,1.0,304.782,severe
2026-10-07 11:00:00,Sahibabad,28.68,77.36,242.956,427.992,55.326,10.924,1.491,43.73,24.946,90.0,1.0,316.203,severe
2026-10-07 12:00:00,Sahibabad,28.68,77.36,268.175,550.789,71.874,14.069,1.449,68.397,27.046,90.0,1.0,339.917,severe
2026-10-07 13:00:00,Sahibabad,28.68,77.36,217.399,387.553,51.574,8.832,1.36,56.506,27.109,90.0,1.0,239.289,severe
2026-10-07 14:00:00,Sahibabad,28.68,77.36,248.927,418.277,70.443,11.112,1.739,65.892,27.953,90.0,1.0,303.632,severe
2026-10-07 15:00:00,Sahibabad,28.68,77.36,242.465,463.883,63.568,6.628,1.064,64.871,26.08,90.0,1.0,225.44,severe
2026-10-07 16:00:00,Sahibabad,28.68,77.36,277.487,566.458,89.57,15.882,1.805,65.32,28.275,90.0,1.0,273.556,severe
2026-10-07 17:00:00,Sahibabad,28.68,77.36,291.743,546.708,88.86,7.437,1.47,78.483,25.901,90.0,1.0,337.318,severe
2026-10-07 18:00:00,Sahibabad,28.68,77.36,378.295,725.302,87.263,8.54,1.939,61.171,24.586,90.0,1.0,306.597,severe
2026-10-07 19:00:00,Sahibabad,28.68,77.36,419.142,738.856,81.182,15.133,2.256,53.588,25.144,90.0,1.0,267.357,severe
2026-10-07 20:00:00,Sahibabad,28.68,77.36,471.768,797.117,114.626,19.105,2.031,47.249,23.096,90.0,1.0,303.789,severe
2026-10-07 21:00:00,Sahibabad,28.68,77.36,475.458,861.488,107.224,18.079,2.128,39.511,21.126,90.0,1.0,295.545,severe
2026-10-07 22:00:00,Sahibabad,28.68,77.36,447.03,774.865,97.869,16.613,2.181,39.953,19.189,90.0,1.0,337.28,severe
2026-10-07 23:00:00,Sahibabad,28.68,77.36,444.039,853.197,129.255,10.213,2.217,10.316,16.67,90.0,1.0,317.727,severe
2026-10-05 00:00:00,Kaushambi,28.645,77.32,94.172,155.631,45.85,12.553,0.907,25.737,14.665,75.038,4.76,224.713,severe
2026-10-05 01:00:00,Kaushambi,28.645,77.32,112.221,183.136,49.18,14.319,0.921,9.045,12.431,86.548,2.016,298.55,severe
2026-10-05 02:00:00,Kaushambi,28.645,77.32,112.407,219.577,53.606,11.352,1.03,15.916,12.62,85.484,4.406,350.353,severe
2026-10-05 03:00:00,Kaushambi,28.645,77.32,108.947,191.189,49.202,11.044,0.952,5.236,12.935,84.197,3.027,261.053,severe
2026-10-05 04:00:00,Kaushambi,28.645,77.32,121.128,196.477,55.423,15.575,1.195,4.719,10.547,83.316,0.962,308.187,severe
2026-10-05 05:00:00,Kaushambi,28.645,77.32,110.935,208.07,59.123,16.667,1.1,15.744,13.3,68.257,1.933,303.727,severe
2026-10-05 06:00:00,Kaushambi,28.645,77.32,107.577,173.542,44.502,10.877,1.179,23.334,13.808,67.378,4.128,304.172,severe
2026-10-05 07:00:00,Kaushambi,28.645,77.32,125.598,202.267,48.869,10.307,0.867,37.557,15.464,79.917,3.599,333.958,severe
2026-10-05 08:00:00,Kaushambi,28.645,77.32,117.12,229.839,48.876,9.616,0.908,35.832,19.951,67.537,7.638,317.381,severe
2026-10-05 09:00:00,Kaushambi,28.645,77.32,111.901,179.762,50.52,15.749,0.944,38.694,19.763,57.797,8.708,45.067,severe
2026-10-05 10:00:00,Kaushambi,28.645,77.32,94.191,188.687,53.072,12.976,1.076,61.036,22.942,49.617,10.906,236.434,severe
2026-10-05 11:00:00,Kaushambi,28.645,77.32,92.293,189.986,52.912,15.113,0.847,57.804,23.95,49.936,8.338,297.81,severe
2026-10-05 12:00:00,Kaushambi,28.645,77.32,76.314,122.299,39.623,19.51,0.847,44.43,25.016,53.445,14.297,268.542,severe
2026-10-05 13:00:00,Kaushambi,28.645,77.32,88.778,170.37,42.114,9.026,0.697,59.672,25.911,51.61,9.76,328.094,severe
2026-10-05 14:00:00,Kaushambi,28.645,77.32,69.32,142.819,45.89,15.846,0.848,63.848,28.092,34.078,16.921,291.386,severe
2026-10-05 15:00:00,Kaushambi,28.645,77.32,80.141,164.745,29.699,15.501,0.986,58.472,27.755,40.351,12.992,277.807,severe
2026-10-05 16:00:00,Kaushambi,28.645,77.32,87.557,180.474,40.372,15.135,1.265,62.039,29.393,49.866,15.812,317.88,severe
2026-10-05 17:00:00,Kaushambi,28.645,77.32,102.291,172.855,43.62,14.049,1.062,57.042,26.735,52.46,12.711,324.461,severe
2026-10-05 18:00:00,Kaushambi,28.645,77.32,102.703,173.268,34.763,11.625,1.228,53.017,24.687,48.753,13.585,310.108,severe
2026-10-05 19:00:00,Kaushambi,28.645,77.32,110.187,200.404,56.749,12.807,0.957,59.736,24.732,48.8,12.632,313.27,severe
2026-10-05 20:00:00,Kaushambi,28.645,77.32,127.796,255.855,47.983,9.836,0.973,39.997,21.968,59.976,9.112,248.726,severe
2026-10-05 21:00:00,Kaushambi,28.645,77.32,100.694,171.782,53.063,11.771,1.105,43.639,20.041,57.927,14.458,287.744,severe
2026-10-05 22:00:00,Kaushambi,28.645,77.32,127.112,261.696,50.911,14.159,1.18,43.279,18.175,70.342,4.964,203.853,severe
2026-10-05 23:00:00,Kaushambi,28.645,77.32,136.189,234.738,53.762,13.545,1.352,29.033,14.105,82.037,4.282,306.293,severe
2026-10-06 00:00:00,Kaushambi,28.645,77.32,128.731,212.858,47.622,17.885,1.136,17.291,16.11,85.119,5.685,264.899,severe
2026-10-06 01:00:00,Kaushambi,28.645,77.32,135.214,247.431,47.107,16.798,1.303,6.909,13.968,75.403,0.783,240.521,severe
2026-10-06 02:00:00,Kaushambi,28.645,77.32,141.515,263.277,53.136,18.52,1.297,33.275,12.23,82.51,1.03,287.799,severe
2026-10-06 03:00:00,Kaushambi,28.645,77.32,138.487,235.732,54.254,16.636,1.199,21.998,12.753,94.028,3.188,256.158,severe
2026-10-06 04:00:00,Kaushambi,28.645,77.32,127.993,234.797,56.518,9.157,1.13,13.745,11.607,89.855,6.616,291.868,severe
2026-10-06 05:00:00,Kaushambi,28.645,77.32,131.43,225.418,48.975,14.846,1.208,18.19,13.83,74.018,0.937,321.298,severe
2026-10-06 06:00:00,Kaushambi,28.645,77.32,135.163,270.075,56.399,14.244,0.919,8.914,14.364,81.981,4.302,318.689,severe
2026-10-06 07:00:00,Kaushambi,28.645,77.32,120.697,242.51,45.253,8.863,1.247,15.957,14.725,72.553,8.007,325.254,severe
2026-10-06 08:00:00,Kaushambi,28.645,77.32,120.452,241.365,42.7,13.842,1.288,30.058,17.308,65.658,5.857,328.662,severe
2026-10-06 09:00:00,Kaushambi,28.645,77.32,141.603,265.362,55.493,14.02,1.118,37.742,19.545,73.949,4.001,297.816,severe
2026-10-06 10:00:00,Kaushambi,28.645,77.32,124.939,223.728,61.387,19.73,1.217,55.046,21.015,70.016,9.457,301.461,severe
2026-10-06 11:00:00,Kaushambi,28.645,77.32,92.122,173.854,48.409,17.844,0.689,46.415,25.532,45.651,12.057,318.307,severe
2026-10-06 12:00:00,Kaushambi,28.645,77.32,90.353,188.298,38.453,11.229,0.851,57.019,26.898,56.231,12.841,328.211,severe
2026-10-06 13:00:00,Kaushambi,28.645,77.32,99.389,159.193,45.376,7.959,0.81,52.886,25.933,61.285,10.933,291.096,severe
2026-10-06 14:00:00,Kaushambi,28.645,77.32,71.608,128.181,42.987,13.384,0.589,64.914,26.76,50.805,19.898,350.258,severe
2026-10-06 15:00:00,Kaushambi,28.645,77.32,69.335,114.559,35.192,14.443,0.735,68.819,27.417,34.6,14.713,318.901,severe
2026-10-06 16:00:00,Kaushambi,28.645,77.32,89.51,160.123,45.046,11.827,1.07,68.939,27.371,47.648,13.456,249.675,severe
2026-10-06 17:00:00,Kaushambi,28.645,77.32,95.461,155.591,33.694,14.784,1.036,72.416,24.682,46.038,12.947,245.864,severe
2026-10-06 18:00:00,Kaushambi,28.645,77.32,107.0,209.518,30.447,10.32,1.062,43.432,25.368,41.059,11.575,272.883,severe
2026-10-06 19:00:00,Kaushambi,28.645,77.32,129.631,236.234,46.227,18.276,1.095,45.556,25.279,54.723,11.28,284.167,severe
2026-10-06 20:00:00,Kaushambi,28.645,77.32,141.239,249.889,54.858,11.277,0.993,46.728,22.175,53.522,5.65,310.573,severe
2026-10-06 21:00:00,Kaushambi,28.645,77.32,144.939,275.065,63.789,10.81,1.224,44.791,18.582,66.556,7.871,8.261,severe
2026-10-06 22:00:00,Kaushambi,28.645,77.32,152.536,282.07,42.078,11.685,1.469,42.455,16.347,72.859,6.379,209.728,severe
2026-10-06 23:00:00,Kaushambi,28.645,77.32,167.31,281.598,61.746,14.349,1.094,35.524,17.753,68.257,2.789,281.336,severe
2026-10-07 00:00:00,Kaushambi,28.645,77.32,173.345,315.759,55.935,10.134,1.527,12.854,15.164,82.005,5.249,7.924,severe
2026-10-07 01:00:00,Kaushambi,28.645,77.32,183.792,301.472,60.424,14.684,1.177,20.231,13.425,78.178,6.308,219.832,severe
2026-10-07 02:00:00,Kaushambi,28.645,77.32,210.385,436.013,61.321,14.296,1.327,2.247,13.98,81.673,3.413,342.868,severe
2026-10-07 03:00:00,Kaushambi,28.645,77.32,250.323,472.883,60.835,18.052,1.415,13.818,12.085,92.764,0.5,309.398,severe
2026-10-07 04:00:00,Kaushambi,28.645,77.32,202.349,340.43,56.277,14.195,1.279,23.17,13.628,71.857,0.711,271.523,severe
2026-10-07 05:00:00,Kaushambi,28.645,77.32,221.684,456.107,62.831,14.194,1.455,21.407,14.627,83.2,4.511,0.513,severe
2026-10-07 06:00:00,Kaushambi,28.645,77.32,222.758,393.564,64.109,9.773,1.069,27.412,14.724,72.06,3.976,290.656,severe
2026-10-07 07:00:00,Kaushambi,28.645,77.32,269.225,490.189,84.96,19.17,1.393,38.713,16.695,90.0,1.0,330.124,severe
2026-10-07 08:00:00,Kaushambi,28.645,77.32,323.869,571.838,81.208,9.809,1.884,48.594,17.95,90.0,1.0,293.408,severe
2026-10-07 09:00:00,Kaushambi,28.645,77.32,314.212,527.537,91.338,14.045,1.418,30.45,19.722,90.0,1.0,283.063,severe
2026-10-07 10:00:00,Kaushambi,28.645,77.32,285.313,513.552,94.532,15.904,1.829,55.895,21.581,90.0,1.0,256.079,severe
2026-10-07 11:00:00,Kaushambi,28.645,77.32,281.17,523.82,62.174,14.679,1.339,61.231,23.771,90.0,1.0,265.802,severe
2026-10-07 12:00:00,Kaushambi,28.645,77.32,279.383,493.359,74.791,14.343,1.456,54.707,25.364,90.0,1.0,327.372,severe
2026-10-07 13:00:00,Kaushambi,28.645,77.32,269.376,536.732,73.356,15.635,1.463,64.813,26.743,90.0,1.0,308.571,severe
2026-10-07 14:00:00,Kaushambi,28.645,77.32,223.589,418.024,71.126,16.276,1.547,67.619,27.482,90.0,1.0,293.923,severe
2026-10-07 15:00:00,Kaushambi,28.645,77.32,276.834,555.675,78.613,14.52,1.833,59.164,27.867,90.0,1.0,280.308,severe
2026-10-07 16:00:00,Kaushambi,28.645,77.32,306.074,607.577,82.633,14.528,1.748,62.899,28.917,90.0,1.0,300.448,severe
2026-10-07 17:00:00,Kaushambi,28.645,77.32,290.128,508.573,105.085,13.593,1.717,63.936,25.067,90.0,1.0,312.407,severe
2026-10-07 18:00:00,Kaushambi,28.645,77.32,330.728,673.474,98.018,10.0,1.44,56.152,25.091,90.0,1.0,278.425,severe
2026-10-07 19:00:00,Kaushambi,28.645,77.32,391.554,721.65,105.093,17.586,1.977,57.281,24.841,90.0,1.0,313.569,severe
2026-10-07 20:00:00,Kaushambi,28.645,77.32,382.67,718.141,122.519,10.367,2.696,52.061,23.229,90.0,1.0,321.667,severe
2026-10-07 21:00:00,Kaushambi,28.645,77.32,341.14,564.058,64.614,15.16,1.879,43.363,19.808,90.0,1.0,288.166,severe
2026-10-07 22:00:00,Kaushambi,28.645,77.32,335.335,690.531,97.957,10.61,2.089,29.777,17.199,90.0,1.0,295.56,severe
2026-10-07 23:00:00,Kaushambi,28.645,77.32,406.564,785.108,89.635,14.324,1.985,26.867,13.869,90.0,1.0,330.091,severe
2026-10-05 00:00:00,Noida Sector 62,28.627,77.365,106.966,183.419,47.371,19.796,1.268,14.44,15.514,77.425,2.08,309.155,severe
2026-10-05 01:00:00,Noida Sector 62,28.627,77.365,103.126,214.207,38.501,12.767,1.091,17.118,13.04,85.68,4.806,308.65,severe
2026-10-05 02:00:00,Noida Sector 62,28.627,77.365,102.406,201.695,52.059,11.727,0.94,19.535,11.816,86.13,3.799,328.509,severe
2026-10-05 03:00:00,Noida Sector 62,28.627,77.365,105.454,200.499,54.632,16.926,1.224,7.349,13.982,91.178,2.646,280.761,severe
2026-10-05 04:00:00,Noida Sector 62,28.627,77.365,106.605,214.112,44.263,11.43,0.935,8.495,12.935,85.641,0.5,245.023,severe
2026-10-05 05:00:00,Noida Sector 62,28.627,77.365,114.988,223.103,56.4,15.808,1.047,30.275,12.636,84.305,0.705,329.74,severe
2026-10-05 06:00:00,Noida Sector 62,28.627,77.365,110.208,197.022,59.044,11.279,1.022,30.833,14.769,76.055,3.565,259.401,severe
2026-10-05 07:00:00,Noida Sector 62,28.627,77.365,116.533,228.119,52.322,12.814,1.229,17.036,16.136,81.157,4.756,297.025,severe
2026-10-05 08:00:00,Noida Sector 62,28.627,77.365,118.255,230.933,51.043,15.142,0.89,24.189,18.265,70.292,1.614,340.319,severe
2026-10-05 09:00:00,Noida Sector 62,28.627,77.365,107.498,190.738,58.897,10.642,1.127,43.752,20.016,67.151,7.162,210.623,severe
2026-10-05 10:00:00,Noida Sector 62,28.627,77.365,95.114,153.381,48.0,12.948,1.005,57.724,23.59,66.405,7.063,291.669,severe
2026-10-05 11:00:00,Noida Sector 62,28.627,77.365,70.096,121.329,44.006,17.466,0.989,58.35,23.359,48.878,14.174,256.889,severe
2026-10-05 12:00:00,Noida Sector 62,28.627,77.365,73.433,120.214,44.875,13.714,0.732,51.706,24.043,58.234,13.003,293.099,severe
2026-10-05 13:00:00,Noida Sector 62,28.627,77.365,63.547,109.953,40.712,13.722,0.613,57.749,26.665,45.08,11.868,329.555,severe
2026-10-05 14:00:00,Noida Sector 62,28.627,77.365,56.214,90.811,34.672,19.482,0.437,50.684,25.908,37.607,14.764,309.393,severe
2026-10-05 15:00:00,Noida Sector 62,28.627,77.365,67.041,123.116,22.145,13.625,1.045,78.774,28.8,54.782,14.984,255.988,severe
2026-10-05 16:00:00,Noida Sector 62,28.627,77.365,63.248,111.911,38.733,11.902,1.029,50.866,28.089,39.491,14.759,233.153,severe
2026-10-05 17:00:00,Noida Sector 62,28.627,77.365,77.282,142.813,44.791,10.9,1.187,63.1,24.561,55.303,15.455,308.655,severe
2026-10-05 18:00:00,Noida Sector 62,28.627,77.365,86.835,176.728,44.443,19.562,0.932,54.596,24.339,54.543,13.83,234.525,severe
2026-10-05 19:00:00,Noida Sector 62,28.627,77.365,80.325,147.049,30.502,11.992,0.886,64.743,24.932,44.936,13.763,329.837,severe
2026-10-05 20:00:00,Noida Sector 62,28.627,77.365,102.592,194.025,37.787,15.026,1.133,57.305,21.742,60.0,7.122,340.835,severe
2026-10-05 21:00:00,Noida Sector 62,28.627,77.365,93.998,153.227,42.589,17.7,1.095,29.425,20.17,60.908,7.428,344.796,severe
2026-10-05 22:00:00,Noida Sector 62,28.627,77.365,92.034,192.907,39.388,10.591,0.75,29.76,17.433,72.323,7.843,269.709,severe
2026-10-05 23:00:00,Noida Sector 62,28.627,77.365,103.255,203.449,47.908,16.652,1.016,28.956,15.782,74.992,3.305,242.869,severe
2026-10-06 00:00:00,Noida Sector 62,28.627,77.365,103.101,201.048,54.57,13.138,1.054,24.748,15.168,82.658,6.287,349.948,severe
2026-10-06 01:00:00,Noida Sector 62,28.627,77.365,111.663,196.962,57.88,9.285,1.151,12.163,13.803,91.522,3.239,323.659,severe
2026-10-06 02:00:00,Noida Sector 62,28.627,77.365,103.17,189.496,47.395,11.404,1.054,26.88,11.778,80.578,2.781,330.401,severe
2026-10-06 03:00:00,Noida Sector 62,28.627,77.365,102.142,196.545,51.081,18.702,0.796,11.007,10.861,85.722,2.89,330.689,severe
2026-10-06 04:00:00,Noida Sector 62,28.627,77.365,97.635,188.85,46.367,14.902,1.1,21.408,11.164,71.471,0.5,298.595,severe
2026-10-06 05:00:00,Noida Sector 62,28.627,77.365,107.321,174.903,47.357,12.93,0.938,19.215,12.857,76.604,0.5,256.021,severe
2026-10-06 06:00:00,Noida Sector 62,28.627,77.365,103.129,171.145,45.962,13.566,0.98,4.011,14.442,78.582,4.424,319.463,severe
2026-10-06 07:00:00,Noida Sector 62,28.627,77.365,102.631,192.354,47.636,9.739,0.787,44.312,17.039,68.529,3.678,306.078,severe
2026-10-06 08:00:00,Noida Sector 62,28.627,77.365,113.188,202.937,49.658,15.254,0.953,45.941,18.072,79.276,3.57,310.987,severe
2026-10-06 09:00:00,Noida Sector 62,28.627,77.365,97.407,161.16,38.999,10.957,0.994,52.747,20.128,74.057,8.217,38.197,severe
2026-10-06 10:00:00,Noida Sector 62,28.627,77.365,98.394,165.331,41.863,15.432,0.966,52.055,22.107,58.466,6.487,261.03,severe
2026-10-06 11:00:00,Noida Sector 62,28.627,77.365,79.36,145.166,43.11,12.548,0.781,73.044,23.482,59.395,15.524,288.096,severe
2026-10-06 12:00:00,Noida Sector 62,28.627,77.365,78.79,165.312,34.592,12.358,1.067,51.509,24.707,56.927,13.002,239.216,severe
2026-10-06 13:00:00,Noida Sector 62,28.627,77.365,78.925,138.402,42.99,16.714,1.199,53.899,26.812,50.638,8.536,346.12,severe
2026-10-06 14:00:00,Noida Sector 62,28.627,77.365,70.673,130.963,43.783,15.337,0.886,58.957,28.046,50.2,14.798,249.023,severe
2026-10-06 15:00:00,Noida Sector 62,28.627,77.365,79.938,140.542,45.763,13.851,0.546,59.02,27.905,45.296,11.818,268.561,severe
2026-10-06 16:00:00,Noida Sector 62,28.627,77.365,82.504,153.216,31.983,13.057,0.791,69.436,26.679,41.786,13.82,296.428,severe
2026-10-06 17:00:00,Noida Sector 62,28.627,77.365,93.111,171.217,42.424,13.865,1.069,67.072,25.943,49.982,14.991,318.898,severe
2026-10-06 18:00:00,Noida Sector 62,28.627,77.365,95.366,199.241,55.965,12.109,0.989,57.317,24.456,50.896,15.713,302.9,severe
2026-10-06 19:00:00,Noida Sector 62,28.627,77.365,126.88,219.835,52.312,24.081,1.074,49.786,25.742,53.708,4.973,334.413,severe
2026-10-06 20:00:00,Noida Sector 62,28.627,77.365,118.952,215.637,47.515,14.162,1.177,42.571,22.262,63.77,9.465,343.938,severe
2026-10-06 21:00:00,Noida Sector 62,28.627,77.365,120.788,241.903,44.478,13.217,1.103,37.213,20.011,68.158,11.749,327.716,severe
2026-10-06 22:00:00,Noida Sector 62,28.627,77.365,134.369,240.499,46.894,13.114,1.33,35.854,17.939,65.109,4.837,321.877,severe
2026-10-06 23:00:00,Noida Sector 62,28.627,77.365,135.017,227.325,39.945,12.778,1.0,23.479,17.045,67.849,2.973,244.191,severe
2026-10-07 00:00:00,Noida Sector 62,28.627,77.365,139.266,280.8,66.251,13.3,1.193,29.762,16.588,72.479,5.601,8.691,severe
2026-10-07 01:00:00,Noida Sector 62,28.627,77.365,180.962,374.879,47.858,16.706,1.108,15.11,12.499,89.402,0.5,309.061,severe
2026-10-07 02:00:00,Noida Sector 62,28.627,77.365,185.903,326.997,70.158,13.992,1.0,20.189,13.207,84.39,1.24,7.164,severe
2026-10-07 03:00:00,Noida Sector 62,28.627,77.365,196.15,367.684,72.456,15.719,1.013,25.505,11.791,80.124,0.5,316.334,severe
2026-10-07 04:00:00,Noida Sector 62,28.627,77.365,223.683,459.851,77.263,12.156,1.197,21.626,12.426,88.595,2.622,288.193,severe
2026-10-07 05:00:00,Noida Sector 62,28.627,77.365,239.51,402.917,61.493,14.571,1.683,16.834,12.853,85.76,1.109,296.663,severe
2026-10-07 06:00:00,Noida Sector 62,28.627,77.365,230.283,397.873,59.179,14.743,0.874,39.87,14.516,77.295,4.876,300.373,severe
2026-10-07 07:00:00,Noida Sector 62,28.627,77.365,253.482,456.434,86.386,14.111,1.087,36.015,16.809,90.0,1.0,319.411,severe
2026-10-07 08:00:00,Noida Sector 62,28.627,77.365,263.921,524.315,78.075,14.663,1.462,37.135,16.413,90.0,1.0,301.98,severe
2026-10-07 09:00:00,Noida Sector 62,28.627,77.365,258.369,475.659,76.095,18.339,1.546,47.218,20.698,90.0,1.0,310.854,severe
2026-10-07 10:00:00,Noida Sector 62,28.627,77.365,234.913,460.617,83.539,13.471,1.472,49.873,22.847,90.0,1.0,298.366,severe
2026-10-07 11:00:00,Noida Sector 62,28.627,77.365,240.267,497.386,64.647,5.48,1.446,43.569,21.733,90.0,1.0,270.423,severe
2026-10-07 12:00:00,Noida Sector 62,28.627,77.365,190.336,313.166,84.056,12.89,1.156,65.981,25.405,90.0,1.0,293.456,severe
2026-10-07 13:00:00,Noida Sector 62,28.627,77.365,202.532,407.748,73.855,14.707,1.602,49.652,26.781,90.0,1.0,292.87,severe
2026-10-07 14:00:00,Noida Sector 62,28.627,77.365,244.729,490.605,77.213,19.956,1.591,61.934,27.431,90.0,1.0,323.485,severe
2026-10-07 15:00:00,Noida Sector 62,28.627,77.365,221.351,382.835,65.377,9.55,1.775,68.794,27.789,90.0,1.0,309.496,severe
2026-10-07 16:00:00,Noida Sector 62,28.627,77.365,231.034,400.093,75.694,11.341,1.554,51.983,28.112,90.0,1.0,244.688,severe
2026-10-07 17:00:00,Noida Sector 62,28.627,77.365,271.886,552.068,83.267,16.248,1.939,58.479,25.855,90.0,1.0,288.064,severe
2026-10-07 18:00:00,Noida Sector 62,28.627,77.365,335.075,601.517,88.221,10.99,1.692,54.094,26.31,90.0,1.0,297.453,severe
2026-10-07 19:00:00,Noida Sector 62,28.627,77.365,375.059,740.834,96.73,14.43,1.631,56.951,24.204,90.0,1.0,334.273,severe
2026-10-07 20:00:00,Noida Sector 62,28.627,77.365,448.032,865.817,99.841,13.977,1.955,45.371,22.273,90.0,1.0,296.537,severe
2026-10-07 21:00:00,Noida Sector 62,28.627,77.365,462.168,884.993,96.986,17.853,1.902,30.728,19.998,90.0,1.0,319.272,severe
2026-10-07 22:00:00,Noida Sector 62,28.627,77.365,469.346,822.866,124.885,14.893,2.48,51.835,19.089,90.0,1.0,300.421,severe
2026-10-07 23:00:00,Noida Sector 62,28.627,77.365,483.499,830.965,141.457,18.733,2.526,43.932,16.781,90.0,1.0,278.743,severe
2026-10-05 00:00:00,Muradnagar (KIET),28.777,77.509,108.166,212.683,50.659,20.638,1.214,24.381,14.989,88.252,0.5,334.266,severe
2026-10-05 01:00:00,Muradnagar (KIET),28.777,77.509,98.417,198.046,46.7,16.869,1.017,22.599,12.365,72.272,3.021,273.64,severe
2026-10-05 02:00:00,Muradnagar (KIET),28.777,77.509,106.49,219.623,53.092,9.889,1.052,3.653,12.56,85.762,3.276,281.434,severe
2026-10-05 03:00:00,Muradnagar (KIET),28.777,77.509,101.168,212.435,47.741,9.125,0.621,12.45,12.732,84.354,4.66,280.199,severe
2026-10-05 04:00:00,Muradnagar (KIET),28.777,77.509,97.717,192.903,45.906,15.269,1.165,8.626,11.001,81.456,1.798,273.875,severe
2026-10-05 05:00:00,Muradnagar (KIET),28.777,77.509,92.637,190.363,45.753,17.77,0.897,12.686,13.084,82.084,4.559,271.77,severe
2026-10-05 06:00:00,Muradnagar (KIET),28.777,77.509,108.755,181.522,45.511,10.66,1.037,15.479,14.262,82.907,1.784,0.124,severe
2026-10-05 07:00:00,Muradnagar (KIET),28.777,77.509,109.712,226.101,54.641,20.017,1.174,31.711,16.317,74.095,6.918,255.875,severe
2026-10-05 08:00:00,Muradnagar (KIET),28.777,77.509,110.554,196.199,53.019,13.868,1.125,29.733,17.618,68.476,7.793,299.396,severe
2026-10-05 09:00:00,Muradnagar (KIET),28.777,77.509,106.598,223.564,52.154,15.791,0.845,30.406,20.516,59.77,8.574,279.232,severe
2026-10-05 10:00:00,Muradnagar (KIET),28.777,77.509,111.872,192.165,68.224,15.867,0.97,54.346,21.091,70.556,9.889,310.783,severe
2026-10-05 11:00:00,Muradnagar (KIET),28.777,77.509,85.337,159.421,30.384,7.763,0.871,54.687,24.931,56.398,13.51,19.436,severe
2026-10-05 12:00:00,Muradnagar (KIET),28.777,77.509,83.015,143.153,56.916,17.13,1.192,50.821,25.477,51.222,12.872,304.445,severe
2026-10-05 13:00:00,Muradnagar (KIET),28.777,77.509,74.068,123.607,44.997,8.15,0.882,46.49,27.699,47.5,14.555,328.936,severe
2026-10-05 14:00:00,Muradnagar (KIET),28.777,77.509,71.764,121.265,49.181,7.501,0.768,65.202,26.549,46.386,13.301,338.425,severe
2026-10-05 15:00:00,Muradnagar (KIET),28.777,77.509,70.611,130.044,37.65,12.907,0.965,60.682,28.925,44.395,12.719,295.862,severe
2026-10-05 16:00:00,Muradnagar (KIET),28.777,77.509,70.124,120.277,52.112,7.922,0.713,59.195,29.398,43.454,15.687,52.225,severe
2026-10-05 17:00:00,Muradnagar (KIET),28.777,77.509,94.435,186.564,55.496,14.978,1.336,54.252,27.935,54.24,11.474,322.579,severe
2026-10-05 18:00:00,Muradnagar (KIET),28.777,77.509,78.879,151.976,42.787,10.385,0.82,61.499,25.824,46.914,17.54,297.454,severe
2026-10-05 19:00:00,Muradnagar (KIET),28.777,77.509,101.334,203.596,33.513,11.671,1.077,72.782,23.742,64.385,14.157,228.703,severe
2026-10-05 20:00:00,Muradnagar (KIET),28.777,77.509,97.898,183.471,43.605,16.347,1.182,45.958,22.419,51.524,8.313,238.444,severe
2026-10-05 21:00:00,Muradnagar (KIET),28.777,77.509,101.938,195.318,49.578,16.922,0.83,36.53,19.086,56.744,6.282,20.967,severe
2026-10-05 22:00:00,Muradnagar (KIET),28.777,77.509,109.977,230.474,46.08,15.175,0.757,33.277,18.475,69.097,5.679,259.022,severe
2026-10-05 23:00:00,Muradnagar (KIET),28.777,77.509,104.95,204.626,61.794,10.009,0.87,21.081,15.493,74.941,5.76,250.727,severe
2026-10-06 00:00:00,Muradnagar (KIET),28.777,77.509,109.94,201.769,40.355,12.784,1.228,28.752,14.127,83.774,6.384,319.039,severe
2026-10-06 01:00:00,Muradnagar (KIET),28.777,77.509,106.366,170.614,56.197,13.758,1.019,15.291,13.075,84.411,5.439,295.555,severe
2026-10-06 02:00:00,Muradnagar (KIET),28.777,77.509,102.828,166.445,45.94,12.756,1.059,21.767,11.338,78.184,7.079,332.787,severe
2026-10-06 03:00:00,Muradnagar (KIET),28.777,77.509,128.157,222.966,52.796,15.651,1.388,18.908,13.021,87.373,2.218,299.424,severe
2026-10-06 04:00:00,Muradnagar (KIET),28.777,77.509,134.076,219.85,57.739,9.493,0.983,12.054,13.501,93.291,1.779,271.96,severe
2026-10-06 05:00:00,Muradnagar (KIET),28.777,77.509,121.142,225.634,54.616,16.384,1.236,15.155,12.242,78.435,2.946,222.682,severe
2026-10-06 06:00:00,Muradnagar (KIET),28.777,77.509,115.194,226.123,40.46,13.749,1.361,14.959,14.718,65.227,3.088,281.405,severe
2026-10-06 07:00:00,Muradnagar (KIET),28.777,77.509,117.521,210.088,48.918,13.238,1.325,24.635,16.84,59.521,3.272,205.01,severe
2026-10-06 08:00:00,Muradnagar (KIET),28.777,77.509,118.724,195.08,49.655,16.626,1.356,39.356,18.589,68.591,8.531,208.469,severe
2026-10-06 09:00:00,Muradnagar (KIET),28.777,77.509,130.74,225.729,55.338,17.082,1.19,40.85,20.355,72.747,6.97,354.481,severe
2026-10-06 10:00:00,Muradnagar (KIET),28.777,77.509,107.904,202.149,45.064,9.79,1.159,56.301,21.129,53.578,9.641,265.837,severe
2026-10-06 11:00:00,Muradnagar (KIET),28.777,77.509,101.523,164.73,38.825,14.533,1.086,37.984,23.617,49.827,9.658,307.387,severe
2026-10-06 12:00:00,Muradnagar (KIET),28.777,77.509,110.887,179.457,50.351,15.434,1.143,51.217,25.154,66.641,8.057,297.661,severe
2026-10-06 13:00:00,Muradnagar (KIET),28.777,77.509,78.314,164.274,45.818,13.329,0.769,56.602,27.733,43.021,14.823,324.51,severe
2026-10-06 14:00:00,Muradnagar (KIET),28.777,77.509,85.307,178.294,45.38,16.313,0.771,65.758,26.028,41.92,10.572,303.212,severe
2026-10-06 15:00:00,Muradnagar (KIET),28.777,77.509,76.439,150.465,44.879,11.744,0.732,76.578,27.687,33.613,14.745,305.187,severe
2026-10-06 16:00:00,Muradnagar (KIET),28.777,77.509,96.809,190.819,37.812,14.346,1.044,67.092,27.722,41.511,9.636,306.455,severe
2026-10-06 17:00:00,Muradnagar (KIET),28.777,77.509,86.006,160.141,44.969,9.243,0.57,79.039,27.054,49.815,18.873,353.999,severe
2026-10-06 18:00:00,Muradnagar (KIET),28.777,77.509,94.69,159.009,55.259,12.908,0.952,51.983,26.291,51.134,17.144,351.999,severe
2026-10-06 19:00:00,Muradnagar (KIET),28.777,77.509,128.781,220.992,53.624,22.596,1.242,58.242,22.262,54.643,7.118,246.625,severe
2026-10-06 20:00:00,Muradnagar (KIET),28.777,77.509,124.188,257.731,49.845,18.231,1.442,47.752,22.213,52.739,8.909,317.584,severe
2026-10-06 21:00:00,Muradnagar (KIET),28.777,77.509,148.533,244.794,54.872,20.159,1.2,51.025,20.48,71.633,4.549,296.958,severe
2026-10-06 22:00:00,Muradnagar (KIET),28.777,77.509,137.681,240.172,50.3,16.105,0.817,33.127,16.825,55.565,3.741,167.927,severe
2026-10-06 23:00:00,Muradnagar (KIET),28.777,77.509,152.147,275.821,53.66,14.299,1.402,33.294,17.368,69.626,6.412,38.892,severe
2026-10-07 00:00:00,Muradnagar (KIET),28.777,77.509,189.224,392.579,60.108,17.194,1.487,31.353,16.543,86.984,0.5,250.0,severe
2026-10-07 01:00:00,Muradnagar (KIET),28.777,77.509,186.059,325.882,64.247,18.155,1.144,2.0,12.963,89.427,5.033,281.156,severe
2026-10-07 02:00:00,Muradnagar (KIET),28.777,77.509,217.339,448.564,74.194,16.404,1.474,23.368,11.97,85.882,1.55,314.408,severe
2026-10-07 03:00:00,Muradnagar (KIET),28.777,77.509,230.774,449.321,65.334,22.069,1.864,21.055,9.906,88.498,2.579,259.443,severe
2026-10-07 04:00:00,Muradnagar (KIET),28.777,77.509,221.022,442.887,76.991,16.383,1.131,5.107,12.08,77.695,0.817,326.213,severe
2026-10-07 05:00:00,Muradnagar (KIET),28.777,77.509,227.569,442.361,73.589,12.37,1.846,17.397,14.443,74.734,0.5,326.045,severe
2026-10-07 06:00:00,Muradnagar (KIET),28.777,77.509,206.18,331.064,74.621,11.027,1.428,24.614,14.073,68.65,6.264,354.243,severe
2026-10-07 07:00:00,Muradnagar (KIET),28.777,77.509,237.26,402.868,66.831,15.832,1.254,30.004,15.724,90.0,1.0,261.982,severe
2026-10-07 08:00:00,Muradnagar (KIET),28.777,77.509,273.5,453.109,78.4,13.935,1.656,23.453,17.75,90.0,1.0,315.187,severe
2026-10-07 09:00:00,Muradnagar (KIET),28.777,77.509,272.036,437.147,78.642,22.114,1.412,51.061,20.54,90.0,1.0,265.926,severe
2026-10-07 10:00:00,Muradnagar (KIET),28.777,77.509,234.838,462.766,71.894,14.293,2.135,62.125,21.923,90.0,1.0,251.321,severe
2026-10-07 11:00:00,Muradnagar (KIET),28.777,77.509,220.051,396.647,61.254,14.051,1.45,52.51,23.679,90.0,1.0,241.091,severe
2026-10-07 12:00:00,Muradnagar (KIET),28.777,77.509,197.194,392.712,87.541,13.636,1.623,43.388,24.58,90.0,1.0,335.465,severe
2026-10-07 13:00:00,Muradnagar (KIET),28.777,77.509,179.039,341.935,62.994,13.982,1.149,74.111,25.898,90.0,1.0,290.54,severe
2026-10-07 14:00:00,Muradnagar (KIET),28.777,77.509,138.767,257.629,62.085,10.238,1.116,66.259,29.085,90.0,1.0,355.248,severe
2026-10-07 15:00:00,Muradnagar (KIET),28.777,77.509,168.645,325.914,65.714,10.377,0.915,53.272,29.045,90.0,1.0,294.74,severe
2026-10-07 16:00:00,Muradnagar (KIET),28.777,77.509,195.029,383.397,79.927,10.412,0.811,68.883,26.533,90.0,1.0,14.124,severe
2026-10-07 17:00:00,Muradnagar (KIET),28.777,77.509,242.021,468.755,88.901,12.606,1.575,67.834,26.387,90.0,1.0,249.381,severe
2026-10-07 18:00:00,Muradnagar (KIET),28.777,77.509,232.979,395.965,69.037,9.77,1.38,64.599,25.495,90.0,1.0,306.042,severe
2026-10-07 19:00:00,Muradnagar (KIET),28.777,77.509,321.151,664.547,87.96,12.989,1.868,62.78,23.13,90.0,1.0,278.157,severe
2026-10-07 20:00:00,Muradnagar (KIET),28.777,77.509,383.148,761.049,96.643,13.273,1.935,60.479,22.025,90.0,1.0,303.074,severe
2026-10-07 21:00:00,Muradnagar (KIET),28.777,77.509,333.008,619.475,113.139,15.995,1.677,41.478,20.978,90.0,1.0,308.739,severe
2026-10-07 22:00:00,Muradnagar (KIET),28.777,77.509,327.852,651.922,104.401,14.932,1.98,33.789,16.553,90.0,1.0,348.237,severe
2026-10-07 23:00:00,Muradnagar (KIET),28.777,77.509,284.456,514.074,88.275,13.548,1.788,13.255,16.028,90.0,1.0,214.994,severe
